Title,Type,Year,Rating,Synopsis,TorrentURL_1080p,MagnetLink_1080p,TorrentURL_720p,MagnetLink_720p,GoogleURL,PosterURL
The Mentalist,,,,"The Mentalist is an American procedural drama television series that ran from September 23, 2008, until February 18, 2015, broadcasting 151 episodes over seven seasons, on CBS. It was created by Bruno Heller, who was also its executive producer. The show follows former ""psychic"" Patrick Jane, who is a consultant to the California Bureau of Investigation (CBI), and his boss, senior agent Teresa Lisbon. Jane uses highly developed observational skills to ""read"" people's minds and to solve murder cases.",,,,,https://www.google.com/search?q=The+Mentalist&stick=H4sIAAAAAAAAAONgVuLSz9U3MEkuzi0sAAB22x_MDgAAAA,
Fallout,movie,1999,3.6,"Russian border war with Tajikistan leads to nuclear blackmail of the United States. Luckily, the United States has superior weapons.",https://yts.gg/torrent/download/B3D09C275ADE8E7D2234D02779CABD193C890BD6,magnet:?xt=urn:btih:B3D09C275ADE8E7D2234D02779CABD193C890BD6&dn=Fallout%20%5B1080p%5D&tr=udp%3A//open.demonii.com%3A1337/announce&tr=udp%3A//tracker.openbittorrent.com%3A80&tr=udp%3A//tracker.coppersurfer.tk%3A6969&tr=udp%3A//glotorrents.pw%3A6969/announce&tr=udp%3A//tracker.opentrackr.org%3A1337/announce&tr=udp%3A//torrent.gresille.org%3A80/announce&tr=udp%3A//p4p.arenabg.com%3A1337&tr=udp%3A//tracker.leechers-paradise.org%3A6969,https://yts.gg/torrent/download/236318DB17411B89AA87AE93AAE343C166168E40,magnet:?xt=urn:btih:236318DB17411B89AA87AE93AAE343C166168E40&dn=Fallout%20%5B720p%5D&tr=udp%3A//open.demonii.com%3A1337/announce&tr=udp%3A//tracker.openbittorrent.com%3A80&tr=udp%3A//tracker.coppersurfer.tk%3A6969&tr=udp%3A//glotorrents.pw%3A6969/announce&tr=udp%3A//tracker.opentrackr.org%3A1337/announce&tr=udp%3A//torrent.gresille.org%3A80/announce&tr=udp%3A//p4p.arenabg.com%3A1337&tr=udp%3A//tracker.leechers-paradise.org%3A6969,https://www.google.com/search?q=Fallout&stick=H4sIAAAAAAAAAONgVuLVT9c3NCwxNUwvMzTOAQAq-rIfEQAAAA,https://yts.gg/assets/images/movies/fallout_1999/large-cover.jpg
Marrowbone,movie,2017,6.7,"A young man and his three younger siblings, who have kept secret the death of their beloved mother in order to remain together, are plagued by a sinister presence in the sprawling manor in which they live.",https://yts.gg/torrent/download/DC42122062A311EEA5D7A7C9304CB679A6143C61,magnet:?xt=urn:btih:DC42122062A311EEA5D7A7C9304CB679A6143C61&dn=Marrowbone%20%5B1080p%5D&tr=udp%3A//open.demonii.com%3A1337/announce&tr=udp%3A//tracker.openbittorrent.com%3A80&tr=udp%3A//tracker.coppersurfer.tk%3A6969&tr=udp%3A//glotorrents.pw%3A6969/announce&tr=udp%3A//tracker.opentrackr.org%3A1337/announce&tr=udp%3A//torrent.gresille.org%3A80/announce&tr=udp%3A//p4p.arenabg.com%3A1337&tr=udp%3A//tracker.leechers-paradise.org%3A6969,https://yts.gg/torrent/download/61338EDB7490C13809AC67EB736F621253BF75F5,magnet:?xt=urn:btih:61338EDB7490C13809AC67EB736F621253BF75F5&dn=Marrowbone%20%5B720p%5D&tr=udp%3A//open.demonii.com%3A1337/announce&tr=udp%3A//tracker.openbittorrent.com%3A80&tr=udp%3A//tracker.coppersurfer.tk%3A6969&tr=udp%3A//glotorrents.pw%3A6969/announce&tr=udp%3A//tracker.opentrackr.org%3A1337/announce&tr=udp%3A//torrent.gresille.org%3A80/announce&tr=udp%3A//p4p.arenabg.com%3A1337&tr=udp%3A//tracker.leechers-paradise.org%3A6969,https://www.google.com/search?q=Marrowbone&stick=H4sIAAAAAAAAAONgVuLVT9c3NEwzMC7IKCzKAgBff0EsEQAAAA,https://yts.gg/assets/images/movies/marrowbone_2017/large-cover.jpg
Jeepers Creepers,movie,2001,6.3,A brother and sister driving home through isolated countryside for spring break encounter a flesh-eating creature which is in the midst of its ritualistic eating spree.,https://yts.gg/torrent/download/00487C2E878E0CC078B4C5845FD6A64484AF8E9B,magnet:?xt=urn:btih:00487C2E878E0CC078B4C5845FD6A64484AF8E9B&dn=Jeepers%20Creepers%20%5B1080p%5D&tr=udp%3A//open.demonii.com%3A1337/announce&tr=udp%3A//tracker.openbittorrent.com%3A80&tr=udp%3A//tracker.coppersurfer.tk%3A6969&tr=udp%3A//glotorrents.pw%3A6969/announce&tr=udp%3A//tracker.opentrackr.org%3A1337/announce&tr=udp%3A//torrent.gresille.org%3A80/announce&tr=udp%3A//p4p.arenabg.com%3A1337&tr=udp%3A//tracker.leechers-paradise.org%3A6969,https://yts.gg/torrent/download/2A3B8AEB885F16A31FD5CA36263400E63892A4DB,magnet:?xt=urn:btih:2A3B8AEB885F16A31FD5CA36263400E63892A4DB&dn=Jeepers%20Creepers%20%5B720p%5D&tr=udp%3A//open.demonii.com%3A1337/announce&tr=udp%3A//tracker.openbittorrent.com%3A80&tr=udp%3A//tracker.coppersurfer.tk%3A6969&tr=udp%3A//glotorrents.pw%3A6969/announce&tr=udp%3A//tracker.opentrackr.org%3A1337/announce&tr=udp%3A//torrent.gresille.org%3A80/announce&tr=udp%3A//p4p.arenabg.com%3A1337&tr=udp%3A//tracker.leechers-paradise.org%3A6969,https://www.google.com/search?q=Jeepers+Creepers&stick=H4sIAAAAAAAAAONgVuLUz9U3MM3LizcDAO1pzSkNAAAA,https://yts.gg/assets/images/movies/Jeepers_Creepers_2001/large-cover.jpg
The Constant Gardener,movie,2005,7.3,A widower's transcontinental quest to find answers about his wife's death leads him to explosive secrets.,https://yts.gg/torrent/download/9EF2210FD0CE26C279B235EBD8DAC34CCF7EE182,magnet:?xt=urn:btih:9EF2210FD0CE26C279B235EBD8DAC34CCF7EE182&dn=The%20Constant%20Gardener%20%5B1080p%5D&tr=udp%3A//open.demonii.com%3A1337/announce&tr=udp%3A//tracker.openbittorrent.com%3A80&tr=udp%3A//tracker.coppersurfer.tk%3A6969&tr=udp%3A//glotorrents.pw%3A6969/announce&tr=udp%3A//tracker.opentrackr.org%3A1337/announce&tr=udp%3A//torrent.gresille.org%3A80/announce&tr=udp%3A//p4p.arenabg.com%3A1337&tr=udp%3A//tracker.leechers-paradise.org%3A6969,https://yts.gg/torrent/download/3702D23D3DB128D65C3DCC9237C9CFC29A8A6E55,magnet:?xt=urn:btih:3702D23D3DB128D65C3DCC9237C9CFC29A8A6E55&dn=The%20Constant%20Gardener%20%5B720p%5D&tr=udp%3A//open.demonii.com%3A1337/announce&tr=udp%3A//tracker.openbittorrent.com%3A80&tr=udp%3A//tracker.coppersurfer.tk%3A6969&tr=udp%3A//glotorrents.pw%3A6969/announce&tr=udp%3A//tracker.opentrackr.org%3A1337/announce&tr=udp%3A//torrent.gresille.org%3A80/announce&tr=udp%3A//p4p.arenabg.com%3A1337&tr=udp%3A//tracker.leechers-paradise.org%3A6969,https://www.google.com/search?q=The+Constant+Gardener&stick=H4sIAAAAAAAAAONgVuLUz9U3sCwwSC4BALn--NENAAAA,https://yts.gg/assets/images/movies/The_Constant_Gardener_2005/large-cover.jpg
Lawless,movie,1999,6.1,"When an undercover cop is wrongly accused of murder, he enlists the help of friends from both sides of the law to prove his innocence and bring the culprits to justice.",https://yts.gg/torrent/download/DED8F48B61BE7A5F334C561B578FEEC83B3AAD33,magnet:?xt=urn:btih:DED8F48B61BE7A5F334C561B578FEEC83B3AAD33&dn=Lawless%20%5B720p%5D&tr=udp%3A//open.demonii.com%3A1337/announce&tr=udp%3A//tracker.openbittorrent.com%3A80&tr=udp%3A//tracker.coppersurfer.tk%3A6969&tr=udp%3A//glotorrents.pw%3A6969/announce&tr=udp%3A//tracker.opentrackr.org%3A1337/announce&tr=udp%3A//torrent.gresille.org%3A80/announce&tr=udp%3A//p4p.arenabg.com%3A1337&tr=udp%3A//tracker.leechers-paradise.org%3A6969,https://yts.gg/torrent/download/DED8F48B61BE7A5F334C561B578FEEC83B3AAD33,magnet:?xt=urn:btih:DED8F48B61BE7A5F334C561B578FEEC83B3AAD33&dn=Lawless%20%5B720p%5D&tr=udp%3A//open.demonii.com%3A1337/announce&tr=udp%3A//tracker.openbittorrent.com%3A80&tr=udp%3A//tracker.coppersurfer.tk%3A6969&tr=udp%3A//glotorrents.pw%3A6969/announce&tr=udp%3A//tracker.opentrackr.org%3A1337/announce&tr=udp%3A//torrent.gresille.org%3A80/announce&tr=udp%3A//p4p.arenabg.com%3A1337&tr=udp%3A//tracker.leechers-paradise.org%3A6969,https://www.google.com/search?q=Lawless&stick=H4sIAAAAAAAAAONgVuLSz9U3SE_LsDBJAQCnfV70DgAAAA,https://yts.gg/assets/images/movies/lawless_1999/large-cover.jpg
World War II with Tom Hanks,,,,"World War II with Tom Hanks is a docuseries about the timeline of World War II, with Tom Hanks as its main narrator. The series spans 20 episodes, with each focusing on a unique milestone or period of time during the war.",,,,,https://www.google.com/search?q=World+War+II+with+Tom+Hanks&stick=H4sIAAAAAAAAAONgVuLVT9c3NKwsS66ozM4wAgDsana-EQAAAA,
Widow's Bay,,,,"Widow's Bay is an American comedy horror television series created by Katie Dippold for Apple TV, and starring Matthew Rhys, Kate O'Flynn, Kevin Carroll, Dale Dickey, Kingston Rumi Southwick, and Stephen Root. The series is set in the fictional New England island town of Widow's Bay, which happens to be afflicted with a centuries-old curse that brings various supernatural evils upon the island. Hiro Murai serves as director and executive producer on the series.",,,,,https://www.google.com/search?q=Widow%27s+Bay&stick=H4sIAAAAAAAAAONgVuLVT9c3NKw0NKpMS8suBwC_4VHoEQAAAA,
The Secret Life of Walter Mitty,movie,1947,6.9,A clumsy daydreamer gets caught up in a sinister conspiracy.,https://yts.gg/torrent/download/3842B9AA5ACC264CFA05D9D9C76824F1909F51C3,magnet:?xt=urn:btih:3842B9AA5ACC264CFA05D9D9C76824F1909F51C3&dn=The%20Secret%20Life%20of%20Walter%20Mitty%20%5B1080p%5D&tr=udp%3A//open.demonii.com%3A1337/announce&tr=udp%3A//tracker.openbittorrent.com%3A80&tr=udp%3A//tracker.coppersurfer.tk%3A6969&tr=udp%3A//glotorrents.pw%3A6969/announce&tr=udp%3A//tracker.opentrackr.org%3A1337/announce&tr=udp%3A//torrent.gresille.org%3A80/announce&tr=udp%3A//p4p.arenabg.com%3A1337&tr=udp%3A//tracker.leechers-paradise.org%3A6969,https://yts.gg/torrent/download/BA65274F135625A9C14524631BD345467E6FA223,magnet:?xt=urn:btih:BA65274F135625A9C14524631BD345467E6FA223&dn=The%20Secret%20Life%20of%20Walter%20Mitty%20%5B720p%5D&tr=udp%3A//open.demonii.com%3A1337/announce&tr=udp%3A//tracker.openbittorrent.com%3A80&tr=udp%3A//tracker.coppersurfer.tk%3A6969&tr=udp%3A//glotorrents.pw%3A6969/announce&tr=udp%3A//tracker.opentrackr.org%3A1337/announce&tr=udp%3A//torrent.gresille.org%3A80/announce&tr=udp%3A//p4p.arenabg.com%3A1337&tr=udp%3A//tracker.leechers-paradise.org%3A6969,https://www.google.com/search?q=The+Secret+Life+of+Walter+Mitty&stick=H4sIAAAAAAAAAONgVuLSz9U3yDNJNzQ0AgCZm085DgAAAA,https://yts.gg/assets/images/movies/the_secret_life_of_walter_mitty_1947/large-cover.jpg
From Beijing with Love,,,,From Beijing With Love is a 1994 Hong Kong spy comedy film directed by Stephen Chow and Lee Lik-chi. The film is a very direct spoof of the James Bond films.,,,,,https://www.google.com/search?q=From+Beijing+with+Love&stick=H4sIAAAAAAAAAONgVuLUz9U3MC8yLMsDAAr91A8NAAAA,
Mindhunters,movie,2004,6.3,"A group of FBI trainees are taken to a remote island for simulation training. However, once there, they realize that they are being hunted by a serial killer, who might be someone amidst them.",https://yts.gg/torrent/download/F0C247EBBC9BB1655D4D945984B26008E8ADD1B0,magnet:?xt=urn:btih:F0C247EBBC9BB1655D4D945984B26008E8ADD1B0&dn=Mindhunters%20%5B1080p%5D&tr=udp%3A//open.demonii.com%3A1337/announce&tr=udp%3A//tracker.openbittorrent.com%3A80&tr=udp%3A//tracker.coppersurfer.tk%3A6969&tr=udp%3A//glotorrents.pw%3A6969/announce&tr=udp%3A//tracker.opentrackr.org%3A1337/announce&tr=udp%3A//torrent.gresille.org%3A80/announce&tr=udp%3A//p4p.arenabg.com%3A1337&tr=udp%3A//tracker.leechers-paradise.org%3A6969,https://yts.gg/torrent/download/062C054F187692D28D934BD8F702D6B65C0A9069,magnet:?xt=urn:btih:062C054F187692D28D934BD8F702D6B65C0A9069&dn=Mindhunters%20%5B720p%5D&tr=udp%3A//open.demonii.com%3A1337/announce&tr=udp%3A//tracker.openbittorrent.com%3A80&tr=udp%3A//tracker.coppersurfer.tk%3A6969&tr=udp%3A//glotorrents.pw%3A6969/announce&tr=udp%3A//tracker.opentrackr.org%3A1337/announce&tr=udp%3A//torrent.gresille.org%3A80/announce&tr=udp%3A//p4p.arenabg.com%3A1337&tr=udp%3A//tracker.leechers-paradise.org%3A6969,https://www.google.com/search?q=Mindhunters&stick=H4sIAAAAAAAAAONgVuLUz9U3MDHJrjAGAJoreRwNAAAA,https://yts.gg/assets/images/movies/Mindhunters_2004/large-cover.jpg
Devil,movie,2003,4.2,A brilliant meteorologist returns to his hometown in Oklahoma to try to stop the biggest tornado ever.,https://yts.gg/torrent/download/94C183D808C19BF87BD54E15C9AE3C6ED9F2CB97,magnet:?xt=urn:btih:94C183D808C19BF87BD54E15C9AE3C6ED9F2CB97&dn=Devil%20Winds%20%5B1080p%5D&tr=udp%3A//open.demonii.com%3A1337/announce&tr=udp%3A//tracker.openbittorrent.com%3A80&tr=udp%3A//tracker.coppersurfer.tk%3A6969&tr=udp%3A//glotorrents.pw%3A6969/announce&tr=udp%3A//tracker.opentrackr.org%3A1337/announce&tr=udp%3A//torrent.gresille.org%3A80/announce&tr=udp%3A//p4p.arenabg.com%3A1337&tr=udp%3A//tracker.leechers-paradise.org%3A6969,https://yts.gg/torrent/download/22F2A3043C2E3EF2CB0C5D5DD59407B6493A493E,magnet:?xt=urn:btih:22F2A3043C2E3EF2CB0C5D5DD59407B6493A493E&dn=Devil%20Winds%20%5B720p%5D&tr=udp%3A//open.demonii.com%3A1337/announce&tr=udp%3A//tracker.openbittorrent.com%3A80&tr=udp%3A//tracker.coppersurfer.tk%3A6969&tr=udp%3A//glotorrents.pw%3A6969/announce&tr=udp%3A//tracker.opentrackr.org%3A1337/announce&tr=udp%3A//torrent.gresille.org%3A80/announce&tr=udp%3A//p4p.arenabg.com%3A1337&tr=udp%3A//tracker.leechers-paradise.org%3A6969,https://www.google.com/search?q=Devil&stick=H4sIAAAAAAAAAONgVuLSz9U3SM4wKEzJAwCYpGP7DgAAAA,https://yts.gg/assets/images/movies/devil_winds_2003/large-cover.jpg
Force Majeure,movie,2013,7.2,"Eddie Izzard returns to stage in 2013 with the biggest stand-up comedy world tour ever & his best live performance yet, Force Majeure Live. Filmed during his mammoth 2013/14 tour around 27 countries, Force Majeure Live takes you on a truly hilarious journey, offering a rare and often bizarre glimpse into the mind of the master of surrealism, Eddie Izzard, a man who has inspired several generations of comics and who is universally recognized by fans and comics alike, as one of the worlds greatest-ever stand-ups.",https://yts.gg/torrent/download/568F6A9534C6A9455B110F219E80B253A88DE943,magnet:?xt=urn:btih:568F6A9534C6A9455B110F219E80B253A88DE943&dn=Eddie%20Izzard%3A%20Force%20Majeure%20Live%20%5B1080p%5D&tr=udp%3A//open.demonii.com%3A1337/announce&tr=udp%3A//tracker.openbittorrent.com%3A80&tr=udp%3A//tracker.coppersurfer.tk%3A6969&tr=udp%3A//glotorrents.pw%3A6969/announce&tr=udp%3A//tracker.opentrackr.org%3A1337/announce&tr=udp%3A//torrent.gresille.org%3A80/announce&tr=udp%3A//p4p.arenabg.com%3A1337&tr=udp%3A//tracker.leechers-paradise.org%3A6969,https://yts.gg/torrent/download/EB6E7288A19775B83102C7942C2C9AD73433D13A,magnet:?xt=urn:btih:EB6E7288A19775B83102C7942C2C9AD73433D13A&dn=Eddie%20Izzard%3A%20Force%20Majeure%20Live%20%5B720p%5D&tr=udp%3A//open.demonii.com%3A1337/announce&tr=udp%3A//tracker.openbittorrent.com%3A80&tr=udp%3A//tracker.coppersurfer.tk%3A6969&tr=udp%3A//glotorrents.pw%3A6969/announce&tr=udp%3A//tracker.opentrackr.org%3A1337/announce&tr=udp%3A//torrent.gresille.org%3A80/announce&tr=udp%3A//p4p.arenabg.com%3A1337&tr=udp%3A//tracker.leechers-paradise.org%3A6969,https://www.google.com/search?q=Force+Majeure&stick=H4sIAAAAAAAAAONgVuLWz9U3MDTISbG0LAIAM0quVg8AAAA,https://yts.gg/assets/images/movies/eddie_izzard_force_majeure_live_2013/large-cover.jpg
Freaky Friday,movie,2018,3.9,"A musical about what happens when a mom and daughter argue, get their bodies magically switched, and must make it through the day being the other at high school or preparing for the next-day wedding--while hoping to switch back.",https://yts.gg/torrent/download/F372F19EA79993670A4C625EBFADFDF39925AFE3,magnet:?xt=urn:btih:F372F19EA79993670A4C625EBFADFDF39925AFE3&dn=Freaky%20Friday%20%5B1080p%5D&tr=udp%3A//open.demonii.com%3A1337/announce&tr=udp%3A//tracker.openbittorrent.com%3A80&tr=udp%3A//tracker.coppersurfer.tk%3A6969&tr=udp%3A//glotorrents.pw%3A6969/announce&tr=udp%3A//tracker.opentrackr.org%3A1337/announce&tr=udp%3A//torrent.gresille.org%3A80/announce&tr=udp%3A//p4p.arenabg.com%3A1337&tr=udp%3A//tracker.leechers-paradise.org%3A6969,https://yts.gg/torrent/download/52392E2C860B8C20FEA37359D0C9141940176113,magnet:?xt=urn:btih:52392E2C860B8C20FEA37359D0C9141940176113&dn=Freaky%20Friday%20%5B720p%5D&tr=udp%3A//open.demonii.com%3A1337/announce&tr=udp%3A//tracker.openbittorrent.com%3A80&tr=udp%3A//tracker.coppersurfer.tk%3A6969&tr=udp%3A//glotorrents.pw%3A6969/announce&tr=udp%3A//tracker.opentrackr.org%3A1337/announce&tr=udp%3A//torrent.gresille.org%3A80/announce&tr=udp%3A//p4p.arenabg.com%3A1337&tr=udp%3A//tracker.leechers-paradise.org%3A6969,https://www.google.com/search?q=Freaky+Friday&stick=H4sIAAAAAAAAAONgVuLUz9U3MKs0M0gGAADRaDgNAAAA,https://yts.gg/assets/images/movies/freaky_friday_2018/large-cover.jpg
Jerry & Marge Go Large,movie,2022,6.9,"Based on the true story about long-married couple Jerry and Marge Selbee, who win the lottery and use the money to revive their small town.",https://yts.gg/torrent/download/FF8313A384A108698FC80F9A1AD21A80972A486E,magnet:?xt=urn:btih:FF8313A384A108698FC80F9A1AD21A80972A486E&dn=Jerry%20%26%20Marge%20Go%20Large%20%5B1080p%5D&tr=udp%3A//open.demonii.com%3A1337/announce&tr=udp%3A//tracker.openbittorrent.com%3A80&tr=udp%3A//tracker.coppersurfer.tk%3A6969&tr=udp%3A//glotorrents.pw%3A6969/announce&tr=udp%3A//tracker.opentrackr.org%3A1337/announce&tr=udp%3A//torrent.gresille.org%3A80/announce&tr=udp%3A//p4p.arenabg.com%3A1337&tr=udp%3A//tracker.leechers-paradise.org%3A6969,https://yts.gg/torrent/download/1B135D393A35E404D6F2DB157299B5A3178A83CC,magnet:?xt=urn:btih:1B135D393A35E404D6F2DB157299B5A3178A83CC&dn=Jerry%20%26%20Marge%20Go%20Large%20%5B720p%5D&tr=udp%3A//open.demonii.com%3A1337/announce&tr=udp%3A//tracker.openbittorrent.com%3A80&tr=udp%3A//tracker.coppersurfer.tk%3A6969&tr=udp%3A//glotorrents.pw%3A6969/announce&tr=udp%3A//tracker.opentrackr.org%3A1337/announce&tr=udp%3A//torrent.gresille.org%3A80/announce&tr=udp%3A//p4p.arenabg.com%3A1337&tr=udp%3A//tracker.leechers-paradise.org%3A6969,https://www.google.com/search?q=Jerry+%26+Marge+Go+Large&stick=H4sIAAAAAAAAAONgVuLVT9c3NCwqLjQpNK00AgCAR3aSEQAAAA,https://yts.gg/assets/images/movies/jerry_and_marge_go_large_2022/large-cover.jpg
RocknRolla,movie,2008,7.2,"When a Russian mobster orchestrates a crooked land deal, millions of dollars are up for grabs, drawing in the entire London underworld into a feeding frenzy at a time when the old criminal regime is losing turf to a wealthy foreign mob.",https://yts.gg/torrent/download/135AF64001A246AFC2E41FB1355F8EBD4AE0BDFD,magnet:?xt=urn:btih:135AF64001A246AFC2E41FB1355F8EBD4AE0BDFD&dn=RocknRolla%20%5B1080p%5D&tr=udp%3A//open.demonii.com%3A1337/announce&tr=udp%3A//tracker.openbittorrent.com%3A80&tr=udp%3A//tracker.coppersurfer.tk%3A6969&tr=udp%3A//glotorrents.pw%3A6969/announce&tr=udp%3A//tracker.opentrackr.org%3A1337/announce&tr=udp%3A//torrent.gresille.org%3A80/announce&tr=udp%3A//p4p.arenabg.com%3A1337&tr=udp%3A//tracker.leechers-paradise.org%3A6969,https://yts.gg/torrent/download/A9E7A5DADFFBEF63FB5FDB0C14A01724CED23849,magnet:?xt=urn:btih:A9E7A5DADFFBEF63FB5FDB0C14A01724CED23849&dn=RocknRolla%20%5B720p%5D&tr=udp%3A//open.demonii.com%3A1337/announce&tr=udp%3A//tracker.openbittorrent.com%3A80&tr=udp%3A//tracker.coppersurfer.tk%3A6969&tr=udp%3A//glotorrents.pw%3A6969/announce&tr=udp%3A//tracker.opentrackr.org%3A1337/announce&tr=udp%3A//torrent.gresille.org%3A80/announce&tr=udp%3A//p4p.arenabg.com%3A1337&tr=udp%3A//tracker.leechers-paradise.org%3A6969,https://www.google.com/search?q=RocknRolla&stick=H4sIAAAAAAAAAONgVuLSz9U3MCorKy9MBwDKc_oXDgAAAA,https://yts.gg/assets/images/movies/RocknRolla_2008/large-cover.jpg
D-Day,movie,2024,2.6,A squad of American paratroopers are dropped behind enemy lines in Nazi occupied France to prepare a signal beacon to guide Allied forces in preparation for D-Day.,https://yts.gg/torrent/download/2AF205036FF4460268681D9BD7C178F898FC160A,magnet:?xt=urn:btih:2AF205036FF4460268681D9BD7C178F898FC160A&dn=24%20Hours%20to%20D-Day%20%5B1080p%5D&tr=udp%3A//open.demonii.com%3A1337/announce&tr=udp%3A//tracker.openbittorrent.com%3A80&tr=udp%3A//tracker.coppersurfer.tk%3A6969&tr=udp%3A//glotorrents.pw%3A6969/announce&tr=udp%3A//tracker.opentrackr.org%3A1337/announce&tr=udp%3A//torrent.gresille.org%3A80/announce&tr=udp%3A//p4p.arenabg.com%3A1337&tr=udp%3A//tracker.leechers-paradise.org%3A6969,https://yts.gg/torrent/download/CEDC89BECEEAC9A32983E05B24EC103903F56715,magnet:?xt=urn:btih:CEDC89BECEEAC9A32983E05B24EC103903F56715&dn=24%20Hours%20to%20D-Day%20%5B720p%5D&tr=udp%3A//open.demonii.com%3A1337/announce&tr=udp%3A//tracker.openbittorrent.com%3A80&tr=udp%3A//tracker.coppersurfer.tk%3A6969&tr=udp%3A//glotorrents.pw%3A6969/announce&tr=udp%3A//tracker.opentrackr.org%3A1337/announce&tr=udp%3A//torrent.gresille.org%3A80/announce&tr=udp%3A//p4p.arenabg.com%3A1337&tr=udp%3A//tracker.leechers-paradise.org%3A6969,https://www.google.com/search?q=D-Day&stick=H4sIAAAAAAAAAONgVuLSz9U3KDC3qDCxAABCNrQ2DgAAAA,https://yts.gg/assets/images/movies/24_hours_to_d_day_2024/large-cover.jpg
WarGames,movie,1983,7.1,"A young teen boy finds a back door into a military central computer in which reality is confused with game-playing, possibly starting World War III.",https://yts.gg/torrent/download/EC2006777A4F3C4024EEEE6E47CDA48D12BB5B9A,magnet:?xt=urn:btih:EC2006777A4F3C4024EEEE6E47CDA48D12BB5B9A&dn=WarGames%20%5B1080p%5D&tr=udp%3A//open.demonii.com%3A1337/announce&tr=udp%3A//tracker.openbittorrent.com%3A80&tr=udp%3A//tracker.coppersurfer.tk%3A6969&tr=udp%3A//glotorrents.pw%3A6969/announce&tr=udp%3A//tracker.opentrackr.org%3A1337/announce&tr=udp%3A//torrent.gresille.org%3A80/announce&tr=udp%3A//p4p.arenabg.com%3A1337&tr=udp%3A//tracker.leechers-paradise.org%3A6969,https://yts.gg/torrent/download/208CB01F198F9174605C37B11F34344747964015,magnet:?xt=urn:btih:208CB01F198F9174605C37B11F34344747964015&dn=WarGames%20%5B720p%5D&tr=udp%3A//open.demonii.com%3A1337/announce&tr=udp%3A//tracker.openbittorrent.com%3A80&tr=udp%3A//tracker.coppersurfer.tk%3A6969&tr=udp%3A//glotorrents.pw%3A6969/announce&tr=udp%3A//tracker.opentrackr.org%3A1337/announce&tr=udp%3A//torrent.gresille.org%3A80/announce&tr=udp%3A//p4p.arenabg.com%3A1337&tr=udp%3A//tracker.leechers-paradise.org%3A6969,https://www.google.com/search?q=WarGames&stick=H4sIAAAAAAAAAONgVuLQz9U3sDA3MgAAWbK1VgwAAAA,https://yts.gg/assets/images/movies/wargames_1983/large-cover.jpg
12 Monkeys,movie,1995,8,"In a future world devastated by disease, a convict is sent back in time to gather information about the man-made virus that wiped out most of the human population on the planet.",https://yts.gg/torrent/download/08C36C171EC03F2D52BEFB1CB28ADFD1D0E8E90E,magnet:?xt=urn:btih:08C36C171EC03F2D52BEFB1CB28ADFD1D0E8E90E&dn=Twelve%20Monkeys%20%5B1080p%5D&tr=udp%3A//open.demonii.com%3A1337/announce&tr=udp%3A//tracker.openbittorrent.com%3A80&tr=udp%3A//tracker.coppersurfer.tk%3A6969&tr=udp%3A//glotorrents.pw%3A6969/announce&tr=udp%3A//tracker.opentrackr.org%3A1337/announce&tr=udp%3A//torrent.gresille.org%3A80/announce&tr=udp%3A//p4p.arenabg.com%3A1337&tr=udp%3A//tracker.leechers-paradise.org%3A6969,https://yts.gg/torrent/download/F2D05B9BD182372B7865F15B31975C2DB6090476,magnet:?xt=urn:btih:F2D05B9BD182372B7865F15B31975C2DB6090476&dn=Twelve%20Monkeys%20%5B720p%5D&tr=udp%3A//open.demonii.com%3A1337/announce&tr=udp%3A//tracker.openbittorrent.com%3A80&tr=udp%3A//tracker.coppersurfer.tk%3A6969&tr=udp%3A//glotorrents.pw%3A6969/announce&tr=udp%3A//tracker.opentrackr.org%3A1337/announce&tr=udp%3A//torrent.gresille.org%3A80/announce&tr=udp%3A//p4p.arenabg.com%3A1337&tr=udp%3A//tracker.leechers-paradise.org%3A6969,https://www.google.com/search?q=12+Monkeys&stick=H4sIAAAAAAAAAONgVuLWz9U3MDQyrkxJswQAAFgfuw8AAAA,https://yts.gg/assets/images/movies/Twelve_Monkeys_1995/large-cover.jpg
Rise of the Guardians,movie,2012,7.2,"When the evil spirit Pitch launches an assault on Earth, the Immortal Guardians team up to protect the innocence of children all around the world.",https://yts.gg/torrent/download/197ECD273DC3E0455B0AC3FC08E6E633E277356B,magnet:?xt=urn:btih:197ECD273DC3E0455B0AC3FC08E6E633E277356B&dn=Rise%20of%20the%20Guardians%20%5B1080p%5D&tr=udp%3A//open.demonii.com%3A1337/announce&tr=udp%3A//tracker.openbittorrent.com%3A80&tr=udp%3A//tracker.coppersurfer.tk%3A6969&tr=udp%3A//glotorrents.pw%3A6969/announce&tr=udp%3A//tracker.opentrackr.org%3A1337/announce&tr=udp%3A//torrent.gresille.org%3A80/announce&tr=udp%3A//p4p.arenabg.com%3A1337&tr=udp%3A//tracker.leechers-paradise.org%3A6969,https://yts.gg/torrent/download/7B36CE5AFD8B22990BE36F55739AD2D499BA0D47,magnet:?xt=urn:btih:7B36CE5AFD8B22990BE36F55739AD2D499BA0D47&dn=Rise%20of%20the%20Guardians%20%5B720p%5D&tr=udp%3A//open.demonii.com%3A1337/announce&tr=udp%3A//tracker.openbittorrent.com%3A80&tr=udp%3A//tracker.coppersurfer.tk%3A6969&tr=udp%3A//glotorrents.pw%3A6969/announce&tr=udp%3A//tracker.opentrackr.org%3A1337/announce&tr=udp%3A//torrent.gresille.org%3A80/announce&tr=udp%3A//p4p.arenabg.com%3A1337&tr=udp%3A//tracker.leechers-paradise.org%3A6969,https://www.google.com/search?q=Rise+of+the+Guardians&stick=H4sIAAAAAAAAAONgVuLSz9U3MCtPyrUoBAAfv66qDgAAAA,https://yts.gg/assets/images/movies/Rise_of_the_Guardians_2012/large-cover.jpg
Heresy,movie,2002,6,A rock band bursts onto the scene and then their frontman disappears on the eve of a European tour.,https://yts.gg/torrent/download/8BAF0737AE82C169678D170C4F978DBFA4DCE36A,magnet:?xt=urn:btih:8BAF0737AE82C169678D170C4F978DBFA4DCE36A&dn=Global%20Heresy%20%5B1080p%5D&tr=udp%3A//open.demonii.com%3A1337/announce&tr=udp%3A//tracker.openbittorrent.com%3A80&tr=udp%3A//tracker.coppersurfer.tk%3A6969&tr=udp%3A//glotorrents.pw%3A6969/announce&tr=udp%3A//tracker.opentrackr.org%3A1337/announce&tr=udp%3A//torrent.gresille.org%3A80/announce&tr=udp%3A//p4p.arenabg.com%3A1337&tr=udp%3A//tracker.leechers-paradise.org%3A6969,https://yts.gg/torrent/download/9DF7DE5B7E4486C213DFF21C06DDA2FFBF4117F7,magnet:?xt=urn:btih:9DF7DE5B7E4486C213DFF21C06DDA2FFBF4117F7&dn=Global%20Heresy%20%5B720p%5D&tr=udp%3A//open.demonii.com%3A1337/announce&tr=udp%3A//tracker.openbittorrent.com%3A80&tr=udp%3A//tracker.coppersurfer.tk%3A6969&tr=udp%3A//glotorrents.pw%3A6969/announce&tr=udp%3A//tracker.opentrackr.org%3A1337/announce&tr=udp%3A//torrent.gresille.org%3A80/announce&tr=udp%3A//p4p.arenabg.com%3A1337&tr=udp%3A//tracker.leechers-paradise.org%3A6969,https://www.google.com/search?q=Heresy&stick=H4sIAAAAAAAAAONgVuLVT9c3NMwuzKgwSi4yBQALc8dDEQAAAA,https://yts.gg/assets/images/movies/rock_my_world_2002/large-cover.jpg
War Horse,movie,2011,7.2,A young farm boy enlists to serve in World War I after his beloved horse is sold to the cavalry. His hopeful journey takes him out of England and onto the front lines as the war rages on.,https://yts.gg/torrent/download/75568C37CB3BD9B6D8B1A5D4886DC6556386702A,magnet:?xt=urn:btih:75568C37CB3BD9B6D8B1A5D4886DC6556386702A&dn=War%20Horse%20%5B1080p%5D&tr=udp%3A//open.demonii.com%3A1337/announce&tr=udp%3A//tracker.openbittorrent.com%3A80&tr=udp%3A//tracker.coppersurfer.tk%3A6969&tr=udp%3A//glotorrents.pw%3A6969/announce&tr=udp%3A//tracker.opentrackr.org%3A1337/announce&tr=udp%3A//torrent.gresille.org%3A80/announce&tr=udp%3A//p4p.arenabg.com%3A1337&tr=udp%3A//tracker.leechers-paradise.org%3A6969,https://yts.gg/torrent/download/7CB8DE0EABBEF4207E7608CEA8DF50DD2965E1BF,magnet:?xt=urn:btih:7CB8DE0EABBEF4207E7608CEA8DF50DD2965E1BF&dn=War%20Horse%20%5B720p%5D&tr=udp%3A//open.demonii.com%3A1337/announce&tr=udp%3A//tracker.openbittorrent.com%3A80&tr=udp%3A//tracker.coppersurfer.tk%3A6969&tr=udp%3A//glotorrents.pw%3A6969/announce&tr=udp%3A//tracker.opentrackr.org%3A1337/announce&tr=udp%3A//torrent.gresille.org%3A80/announce&tr=udp%3A//p4p.arenabg.com%3A1337&tr=udp%3A//tracker.leechers-paradise.org%3A6969,https://www.google.com/search?q=War+Horse&stick=H4sIAAAAAAAAAONgVuLSz9U3SE42LcwuAQAOgJfBDgAAAA,https://yts.gg/assets/images/movies/War_Horse_2011/large-cover.jpg
The Studio,movie,2020,7.3,Documentary celebrating the legendary Rockfield Studios with appearances from those who have recorded within its hallowed walls.,https://yts.gg/torrent/download/BD499573C37B65BA8A732BE8B294C8EAC6DBB31C,magnet:?xt=urn:btih:BD499573C37B65BA8A732BE8B294C8EAC6DBB31C&dn=Rockfield%3A%20The%20Studio%20on%20the%20Farm%20%5B1080p%5D&tr=udp%3A//open.demonii.com%3A1337/announce&tr=udp%3A//tracker.openbittorrent.com%3A80&tr=udp%3A//tracker.coppersurfer.tk%3A6969&tr=udp%3A//glotorrents.pw%3A6969/announce&tr=udp%3A//tracker.opentrackr.org%3A1337/announce&tr=udp%3A//torrent.gresille.org%3A80/announce&tr=udp%3A//p4p.arenabg.com%3A1337&tr=udp%3A//tracker.leechers-paradise.org%3A6969,https://yts.gg/torrent/download/7E3ABC9414CEECC9C01CE9FDE44F64365D5614D8,magnet:?xt=urn:btih:7E3ABC9414CEECC9C01CE9FDE44F64365D5614D8&dn=Rockfield%3A%20The%20Studio%20on%20the%20Farm%20%5B720p%5D&tr=udp%3A//open.demonii.com%3A1337/announce&tr=udp%3A//tracker.openbittorrent.com%3A80&tr=udp%3A//tracker.coppersurfer.tk%3A6969&tr=udp%3A//glotorrents.pw%3A6969/announce&tr=udp%3A//tracker.opentrackr.org%3A1337/announce&tr=udp%3A//torrent.gresille.org%3A80/announce&tr=udp%3A//p4p.arenabg.com%3A1337&tr=udp%3A//tracker.leechers-paradise.org%3A6969,https://www.google.com/search?q=The+Studio&stick=H4sIAAAAAAAAAONgVuLVT9c3NCxOqjAsyrUwAgB-oOLpEQAAAA,https://yts.gg/assets/images/movies/rockfield_the_studio_on_the_farm_2020/large-cover.jpg
A HISTORY OF VIOLENCE,movie,2005,7.4,"A mild-mannered man becomes a local hero through an act of violence, which sets off repercussions that will shake his family to its very core.",https://yts.gg/torrent/download/0D4512D7D7CE067775F56BBC1864A4F7F4AF8010,magnet:?xt=urn:btih:0D4512D7D7CE067775F56BBC1864A4F7F4AF8010&dn=A%20History%20of%20Violence%20%5B1080p%5D&tr=udp%3A//open.demonii.com%3A1337/announce&tr=udp%3A//tracker.openbittorrent.com%3A80&tr=udp%3A//tracker.coppersurfer.tk%3A6969&tr=udp%3A//glotorrents.pw%3A6969/announce&tr=udp%3A//tracker.opentrackr.org%3A1337/announce&tr=udp%3A//torrent.gresille.org%3A80/announce&tr=udp%3A//p4p.arenabg.com%3A1337&tr=udp%3A//tracker.leechers-paradise.org%3A6969,https://yts.gg/torrent/download/697C00243EA75BE0CCAEED2739D5E31873F1357A,magnet:?xt=urn:btih:697C00243EA75BE0CCAEED2739D5E31873F1357A&dn=A%20History%20of%20Violence%20%5B720p%5D&tr=udp%3A//open.demonii.com%3A1337/announce&tr=udp%3A//tracker.openbittorrent.com%3A80&tr=udp%3A//tracker.coppersurfer.tk%3A6969&tr=udp%3A//glotorrents.pw%3A6969/announce&tr=udp%3A//tracker.opentrackr.org%3A1337/announce&tr=udp%3A//torrent.gresille.org%3A80/announce&tr=udp%3A//p4p.arenabg.com%3A1337&tr=udp%3A//tracker.leechers-paradise.org%3A6969,https://www.google.com/search?q=A+HISTORY+OF+VIOLENCE&stick=H4sIAAAAAAAAAONgVuLUz9U3MC1KKy4BAGCb8pwNAAAA,https://yts.gg/assets/images/movies/A_History_of_Violence_2005/large-cover.jpg
Mirai,movie,2025,6.8,A warrior is tasked with the protection nine sacred scriptures that can turn any mortal into a deity.,https://yts.gg/torrent/download/B3D1A416CBBA93C7E5C9E6FD836F6133B07A2A3F,magnet:?xt=urn:btih:B3D1A416CBBA93C7E5C9E6FD836F6133B07A2A3F&dn=Mirai%20%5B1080p%5D&tr=udp%3A//open.demonii.com%3A1337/announce&tr=udp%3A//tracker.openbittorrent.com%3A80&tr=udp%3A//tracker.coppersurfer.tk%3A6969&tr=udp%3A//glotorrents.pw%3A6969/announce&tr=udp%3A//tracker.opentrackr.org%3A1337/announce&tr=udp%3A//torrent.gresille.org%3A80/announce&tr=udp%3A//p4p.arenabg.com%3A1337&tr=udp%3A//tracker.leechers-paradise.org%3A6969,https://yts.gg/torrent/download/5CEBD9F69BB043431E0BFC674654286A509022CE,magnet:?xt=urn:btih:5CEBD9F69BB043431E0BFC674654286A509022CE&dn=Mirai%20%5B720p%5D&tr=udp%3A//open.demonii.com%3A1337/announce&tr=udp%3A//tracker.openbittorrent.com%3A80&tr=udp%3A//tracker.coppersurfer.tk%3A6969&tr=udp%3A//glotorrents.pw%3A6969/announce&tr=udp%3A//tracker.opentrackr.org%3A1337/announce&tr=udp%3A//torrent.gresille.org%3A80/announce&tr=udp%3A//p4p.arenabg.com%3A1337&tr=udp%3A//tracker.leechers-paradise.org%3A6969,https://www.google.com/search?q=Mirai&stick=H4sIAAAAAAAAAONgVuLVT9c3NMxIMqoosEzOAwCWST3JEQAAAA,https://yts.gg/assets/images/movies/mirai_2025/large-cover.jpg
Elephant,movie,2014,6.5,A psychiatrist is drawn into a complex mind game when he questions a disturbed patient about the disappearance of a colleague.,https://yts.gg/torrent/download/F9CDBF3FEA821320E0B9FCBED672D2F24EFD44DE,magnet:?xt=urn:btih:F9CDBF3FEA821320E0B9FCBED672D2F24EFD44DE&dn=Elephant%20Song%20%5B1080p%5D&tr=udp%3A//open.demonii.com%3A1337/announce&tr=udp%3A//tracker.openbittorrent.com%3A80&tr=udp%3A//tracker.coppersurfer.tk%3A6969&tr=udp%3A//glotorrents.pw%3A6969/announce&tr=udp%3A//tracker.opentrackr.org%3A1337/announce&tr=udp%3A//torrent.gresille.org%3A80/announce&tr=udp%3A//p4p.arenabg.com%3A1337&tr=udp%3A//tracker.leechers-paradise.org%3A6969,https://yts.gg/torrent/download/FCA1E8128449820A9CD551E4994FB0788E9ADE72,magnet:?xt=urn:btih:FCA1E8128449820A9CD551E4994FB0788E9ADE72&dn=Elephant%20Song%20%5B720p%5D&tr=udp%3A//open.demonii.com%3A1337/announce&tr=udp%3A//tracker.openbittorrent.com%3A80&tr=udp%3A//tracker.coppersurfer.tk%3A6969&tr=udp%3A//glotorrents.pw%3A6969/announce&tr=udp%3A//tracker.opentrackr.org%3A1337/announce&tr=udp%3A//torrent.gresille.org%3A80/announce&tr=udp%3A//p4p.arenabg.com%3A1337&tr=udp%3A//tracker.leechers-paradise.org%3A6969,https://www.google.com/search?q=Elephant&stick=H4sIAAAAAAAAAONgVuLUz9U3MMwyLEoCAPX-43gNAAAA,https://yts.gg/assets/images/movies/elephant_song_2014/large-cover.jpg
Farzi,,,,"Farzi: An Original Story About Copying (transl. Fake) is an Indian Hindi-language black comedy crime thriller television series created, produced and directed by Raj & DK, who also co-wrote the series with Sita Menon and Suman Kumar. It stars Vijay Sethupathi, Shahid Kapoor, Kay Kay Menon, Raashii Khanna and Bhuvan Arora, and tells the story of a disillusioned artist who decides to make counterfeit money.",,,,,https://www.google.com/search?q=Farzi&stick=H4sIAAAAAAAAAONgVuLWz9U3MDSsMK7KqQIAdY2D5Q8AAAA,
Hot Shots!,movie,1991,6.7,A parody of Top Gun (1986) in which a talented but unstable fighter pilot must overcome the ghosts of his father and save a mission sabotaged by greedy weapons manufacturers.,https://yts.gg/torrent/download/803A3395AF2A1C93AD9748D2D93B5F628C398CB2,magnet:?xt=urn:btih:803A3395AF2A1C93AD9748D2D93B5F628C398CB2&dn=Hot%20Shots%21%20%5B1080p%5D&tr=udp%3A//open.demonii.com%3A1337/announce&tr=udp%3A//tracker.openbittorrent.com%3A80&tr=udp%3A//tracker.coppersurfer.tk%3A6969&tr=udp%3A//glotorrents.pw%3A6969/announce&tr=udp%3A//tracker.opentrackr.org%3A1337/announce&tr=udp%3A//torrent.gresille.org%3A80/announce&tr=udp%3A//p4p.arenabg.com%3A1337&tr=udp%3A//tracker.leechers-paradise.org%3A6969,https://yts.gg/torrent/download/B25E1DD6E0E4272B7D02890FFC273B6ADCCE2A5B,magnet:?xt=urn:btih:B25E1DD6E0E4272B7D02890FFC273B6ADCCE2A5B&dn=Hot%20Shots%21%20%5B720p%5D&tr=udp%3A//open.demonii.com%3A1337/announce&tr=udp%3A//tracker.openbittorrent.com%3A80&tr=udp%3A//tracker.coppersurfer.tk%3A6969&tr=udp%3A//glotorrents.pw%3A6969/announce&tr=udp%3A//tracker.opentrackr.org%3A1337/announce&tr=udp%3A//torrent.gresille.org%3A80/announce&tr=udp%3A//p4p.arenabg.com%3A1337&tr=udp%3A//tracker.leechers-paradise.org%3A6969,https://www.google.com/search?q=Hot+Shots!&stick=H4sIAAAAAAAAAONgVuLUz9U3MDFMT68AAEq06Q4NAAAA,https://yts.gg/assets/images/movies/hot_shots_1991/large-cover.jpg
Jumper,movie,1996,5.2,An elite group of firefighters jumps from helicopters to extinguish fires. One firefighter must choose between his love for his family and his addiction to life-risking danger. Inspired by a true story.,https://yts.gg/torrent/download/CEB2F80890B43CF4074584B6B870E19D1F8AADD2,magnet:?xt=urn:btih:CEB2F80890B43CF4074584B6B870E19D1F8AADD2&dn=Smoke%20Jumpers%20%5B1080p%5D&tr=udp%3A//open.demonii.com%3A1337/announce&tr=udp%3A//tracker.openbittorrent.com%3A80&tr=udp%3A//tracker.coppersurfer.tk%3A6969&tr=udp%3A//glotorrents.pw%3A6969/announce&tr=udp%3A//tracker.opentrackr.org%3A1337/announce&tr=udp%3A//torrent.gresille.org%3A80/announce&tr=udp%3A//p4p.arenabg.com%3A1337&tr=udp%3A//tracker.leechers-paradise.org%3A6969,https://yts.gg/torrent/download/29B8CDA112A4D903C132CAF3666FE9DBAE341F16,magnet:?xt=urn:btih:29B8CDA112A4D903C132CAF3666FE9DBAE341F16&dn=Smoke%20Jumpers%20%5B720p%5D&tr=udp%3A//open.demonii.com%3A1337/announce&tr=udp%3A//tracker.openbittorrent.com%3A80&tr=udp%3A//tracker.coppersurfer.tk%3A6969&tr=udp%3A//glotorrents.pw%3A6969/announce&tr=udp%3A//tracker.opentrackr.org%3A1337/announce&tr=udp%3A//torrent.gresille.org%3A80/announce&tr=udp%3A//p4p.arenabg.com%3A1337&tr=udp%3A//tracker.leechers-paradise.org%3A6969,https://www.google.com/search?q=Jumper&stick=H4sIAAAAAAAAAONgVuLUz9U3sEwqN4kHADvIewcNAAAA,https://yts.gg/assets/images/movies/smoke_jumpers_1996/large-cover.jpg
The Magic of Ordinary Days,movie,2005,7.4,"Pregnant out of wedlock, an educated young woman is pressured by her father into an arranged marriage with a lonely farmer in this drama set during WWII.",https://yts.gg/torrent/download/B6E0FEF04902AC9657F88800F18E1E5ACB1FFA18,magnet:?xt=urn:btih:B6E0FEF04902AC9657F88800F18E1E5ACB1FFA18&dn=The%20Magic%20of%20Ordinary%20Days%20%5B1080p%5D&tr=udp%3A//open.demonii.com%3A1337/announce&tr=udp%3A//tracker.openbittorrent.com%3A80&tr=udp%3A//tracker.coppersurfer.tk%3A6969&tr=udp%3A//glotorrents.pw%3A6969/announce&tr=udp%3A//tracker.opentrackr.org%3A1337/announce&tr=udp%3A//torrent.gresille.org%3A80/announce&tr=udp%3A//p4p.arenabg.com%3A1337&tr=udp%3A//tracker.leechers-paradise.org%3A6969,https://yts.gg/torrent/download/A3C4CA30AEE716B271C404185745A8D21F3AC785,magnet:?xt=urn:btih:A3C4CA30AEE716B271C404185745A8D21F3AC785&dn=The%20Magic%20of%20Ordinary%20Days%20%5B720p%5D&tr=udp%3A//open.demonii.com%3A1337/announce&tr=udp%3A//tracker.openbittorrent.com%3A80&tr=udp%3A//tracker.coppersurfer.tk%3A6969&tr=udp%3A//glotorrents.pw%3A6969/announce&tr=udp%3A//tracker.opentrackr.org%3A1337/announce&tr=udp%3A//torrent.gresille.org%3A80/announce&tr=udp%3A//p4p.arenabg.com%3A1337&tr=udp%3A//tracker.leechers-paradise.org%3A6969,https://www.google.com/search?q=The+Magic+of+Ordinary+Days&stick=H4sIAAAAAAAAAONgVuLSz9U3MKuMr7Q0AQDwrl0TDgAAAA,https://yts.gg/assets/images/movies/the_magic_of_ordinary_days_2005/large-cover.jpg
She's the Man,movie,2006,6.4,"When her brother decides to ditch for a couple weeks, Viola heads over to his elite boarding school, disguised as him, and proceeds to fall for his school's star soccer player, and soon learns she's not the only one with romantic troubles.",https://yts.gg/torrent/download/43AF1994A4C58EAA3CE6F82067D808E9048C09BB,magnet:?xt=urn:btih:43AF1994A4C58EAA3CE6F82067D808E9048C09BB&dn=She%27s%20the%20Man%20%5B1080p%5D&tr=udp%3A//open.demonii.com%3A1337/announce&tr=udp%3A//tracker.openbittorrent.com%3A80&tr=udp%3A//tracker.coppersurfer.tk%3A6969&tr=udp%3A//glotorrents.pw%3A6969/announce&tr=udp%3A//tracker.opentrackr.org%3A1337/announce&tr=udp%3A//torrent.gresille.org%3A80/announce&tr=udp%3A//p4p.arenabg.com%3A1337&tr=udp%3A//tracker.leechers-paradise.org%3A6969,https://yts.gg/torrent/download/6705AAA546B14321DA11BA34F80E4E7B6DBE4783,magnet:?xt=urn:btih:6705AAA546B14321DA11BA34F80E4E7B6DBE4783&dn=She%27s%20the%20Man%20%5B720p%5D&tr=udp%3A//open.demonii.com%3A1337/announce&tr=udp%3A//tracker.openbittorrent.com%3A80&tr=udp%3A//tracker.coppersurfer.tk%3A6969&tr=udp%3A//glotorrents.pw%3A6969/announce&tr=udp%3A//tracker.opentrackr.org%3A1337/announce&tr=udp%3A//torrent.gresille.org%3A80/announce&tr=udp%3A//p4p.arenabg.com%3A1337&tr=udp%3A//tracker.leechers-paradise.org%3A6969,https://www.google.com/search?q=She%27s+the+Man&stick=H4sIAAAAAAAAAONgVuLUz9U3sDC0SE8HADM98SENAAAA,https://yts.gg/assets/images/movies/shes_the_man_2006/large-cover.jpg
Strange Magic,movie,2015,5.8,"Goblins, elves, fairies and imps, and their misadventures sparked by the battle over a powerful potion.",https://yts.gg/torrent/download/3F4BBA66590A75194700EF4B29FB084CBA74C069,magnet:?xt=urn:btih:3F4BBA66590A75194700EF4B29FB084CBA74C069&dn=Strange%20Magic%20%5B1080p%5D&tr=udp%3A//open.demonii.com%3A1337/announce&tr=udp%3A//tracker.openbittorrent.com%3A80&tr=udp%3A//tracker.coppersurfer.tk%3A6969&tr=udp%3A//glotorrents.pw%3A6969/announce&tr=udp%3A//tracker.opentrackr.org%3A1337/announce&tr=udp%3A//torrent.gresille.org%3A80/announce&tr=udp%3A//p4p.arenabg.com%3A1337&tr=udp%3A//tracker.leechers-paradise.org%3A6969,https://yts.gg/torrent/download/2284E418A57E83A30F6481F26951FE94A713A254,magnet:?xt=urn:btih:2284E418A57E83A30F6481F26951FE94A713A254&dn=Strange%20Magic%20%5B720p%5D&tr=udp%3A//open.demonii.com%3A1337/announce&tr=udp%3A//tracker.openbittorrent.com%3A80&tr=udp%3A//tracker.coppersurfer.tk%3A6969&tr=udp%3A//glotorrents.pw%3A6969/announce&tr=udp%3A//tracker.opentrackr.org%3A1337/announce&tr=udp%3A//torrent.gresille.org%3A80/announce&tr=udp%3A//p4p.arenabg.com%3A1337&tr=udp%3A//tracker.leechers-paradise.org%3A6969,https://www.google.com/search?q=Strange+Magic&stick=H4sIAAAAAAAAAONgVuLWz9U3MDSyNDcyzwYAYGGQxA8AAAA,https://yts.gg/assets/images/movies/strange_magic_2015/large-cover.jpg
Hamnet,movie,2025,7.8,"In late 16th-century England, Agnes, a healer sensitive to the world around her, builds a home with William, a local tutor and aspiring playwright. As their lives fracture, they are tested by distance, silence, and grief.",https://yts.gg/torrent/download/712AD7D8BEA4F68CBA997AF106F26AC8FF20281A,magnet:?xt=urn:btih:712AD7D8BEA4F68CBA997AF106F26AC8FF20281A&dn=Hamnet%20%5B1080p%5D&tr=udp%3A//open.demonii.com%3A1337/announce&tr=udp%3A//tracker.openbittorrent.com%3A80&tr=udp%3A//tracker.coppersurfer.tk%3A6969&tr=udp%3A//glotorrents.pw%3A6969/announce&tr=udp%3A//tracker.opentrackr.org%3A1337/announce&tr=udp%3A//torrent.gresille.org%3A80/announce&tr=udp%3A//p4p.arenabg.com%3A1337&tr=udp%3A//tracker.leechers-paradise.org%3A6969,https://yts.gg/torrent/download/81D2D4153835D78FC19BBA08091EB514D4396C79,magnet:?xt=urn:btih:81D2D4153835D78FC19BBA08091EB514D4396C79&dn=Hamnet%20%5B720p%5D&tr=udp%3A//open.demonii.com%3A1337/announce&tr=udp%3A//tracker.openbittorrent.com%3A80&tr=udp%3A//tracker.coppersurfer.tk%3A6969&tr=udp%3A//glotorrents.pw%3A6969/announce&tr=udp%3A//tracker.opentrackr.org%3A1337/announce&tr=udp%3A//torrent.gresille.org%3A80/announce&tr=udp%3A//p4p.arenabg.com%3A1337&tr=udp%3A//tracker.leechers-paradise.org%3A6969,https://www.google.com/search?q=Hamnet&stick=H4sIAAAAAAAAAONgVuLVT9c3NMwuNMrLLi9IAwDwEwxsEQAAAA,https://yts.gg/assets/images/movies/hamnet_2025/large-cover.jpg
The Terminal List: Dark Wolf,,,,"The Terminal List: Dark Wolf is an American action thriller television series based on characters from the 2018 novel The Terminal List by Jack Carr. Created by Carr and David DiGilio, the series is a prequel to The Terminal List, in which the story follows Ben Edwards throughout his journey as a Navy SEAL to the CIA delving into the darker side of warfare and its human cost.",,,,,https://www.google.com/search?q=The+Terminal+List:+Dark+Wolf&stick=H4sIAAAAAAAAAONgVuLVT9c3NKxMyS4wiy80BgAOsgaeEQAAAA,
The Night Manager,,,,"The Night Manager is an espionage novel by British writer John le Carré, published in 1993. It was his first post-Cold War novel, detailing an undercover operation to bring down a major international arms dealer.",,,,,https://www.google.com/search?q=The+Night+Manager&stick=H4sIAAAAAAAAAONgVuLWz9U3MDQ2zMoqMwQA3ZeoBg8AAAA,
Movie 43,movie,2013,4.4,A series of interconnected short films follows a washed-up producer as he pitches insane story lines featuring some of the biggest stars in Hollywood.,https://yts.gg/torrent/download/3E51E837272E0F7B4FF6EED98A706E968BE99DEC,magnet:?xt=urn:btih:3E51E837272E0F7B4FF6EED98A706E968BE99DEC&dn=Movie%2043%20%5B1080p%5D&tr=udp%3A//open.demonii.com%3A1337/announce&tr=udp%3A//tracker.openbittorrent.com%3A80&tr=udp%3A//tracker.coppersurfer.tk%3A6969&tr=udp%3A//glotorrents.pw%3A6969/announce&tr=udp%3A//tracker.opentrackr.org%3A1337/announce&tr=udp%3A//torrent.gresille.org%3A80/announce&tr=udp%3A//p4p.arenabg.com%3A1337&tr=udp%3A//tracker.leechers-paradise.org%3A6969,https://yts.gg/torrent/download/8D86A278195AEDD3C5ADEDBDCB07702119546130,magnet:?xt=urn:btih:8D86A278195AEDD3C5ADEDBDCB07702119546130&dn=Movie%2043%20%5B720p%5D&tr=udp%3A//open.demonii.com%3A1337/announce&tr=udp%3A//tracker.openbittorrent.com%3A80&tr=udp%3A//tracker.coppersurfer.tk%3A6969&tr=udp%3A//glotorrents.pw%3A6969/announce&tr=udp%3A//tracker.opentrackr.org%3A1337/announce&tr=udp%3A//torrent.gresille.org%3A80/announce&tr=udp%3A//p4p.arenabg.com%3A1337&tr=udp%3A//tracker.leechers-paradise.org%3A6969,https://www.google.com/search?q=Movie+43&stick=H4sIAAAAAAAAAONgVuLSz9U3SMnJji_MAwC9N4wKDgAAAA,https://yts.gg/assets/images/movies/Movie_43_2013/large-cover.jpg
The Man with the Iron Heart,,,,"The Man with the Iron Heart is an alternate history novel by Harry Turtledove. Published in 2008, it takes as its premise the survival by Reinhard Heydrich of his 1942 assassination in Czechoslovakia and his subsequent leadership of the postwar Werwolf insurgency in occupied Germany, which Turtledove depicts as growing into a far more formidable force than was the case historically.",,,,,https://www.google.com/search?q=The+Man+with+the+Iron+Heart&stick=H4sIAAAAAAAAAONgVuLVT9c3NEzOKc8uKjBJAgBsobOVEQAAAA,
Calm With Horses,movie,2019,6.8,"Douglas 'Arm' Armstrong has become the feared enforcer for the drug-dealing Devers family, whilst also trying to be a good father. Torn between these two families, Arm's loyalties are tested when he is asked to kill for the first time.",https://yts.gg/torrent/download/41B59763D73C91A4FEFABD3D93D2F962790C306A,magnet:?xt=urn:btih:41B59763D73C91A4FEFABD3D93D2F962790C306A&dn=Calm%20with%20Horses%20%5B1080p%5D&tr=udp%3A//open.demonii.com%3A1337/announce&tr=udp%3A//tracker.openbittorrent.com%3A80&tr=udp%3A//tracker.coppersurfer.tk%3A6969&tr=udp%3A//glotorrents.pw%3A6969/announce&tr=udp%3A//tracker.opentrackr.org%3A1337/announce&tr=udp%3A//torrent.gresille.org%3A80/announce&tr=udp%3A//p4p.arenabg.com%3A1337&tr=udp%3A//tracker.leechers-paradise.org%3A6969,https://yts.gg/torrent/download/66E47CF2DA5C7A52112E7CFD1EB11DCC1AE58C91,magnet:?xt=urn:btih:66E47CF2DA5C7A52112E7CFD1EB11DCC1AE58C91&dn=Calm%20with%20Horses%20%5B720p%5D&tr=udp%3A//open.demonii.com%3A1337/announce&tr=udp%3A//tracker.openbittorrent.com%3A80&tr=udp%3A//tracker.coppersurfer.tk%3A6969&tr=udp%3A//glotorrents.pw%3A6969/announce&tr=udp%3A//tracker.opentrackr.org%3A1337/announce&tr=udp%3A//torrent.gresille.org%3A80/announce&tr=udp%3A//p4p.arenabg.com%3A1337&tr=udp%3A//tracker.leechers-paradise.org%3A6969,https://www.google.com/search?q=Calm+With+Horses&stick=H4sIAAAAAAAAAONgVuLVT9c3NMxIqTCqKDfJAwD4VidcEQAAAA,https://yts.gg/assets/images/movies/calm_with_horses_2019/large-cover.jpg
Unknown,movie,1951,4.2,Scientists use a gigantic drilling machine for an expedition to the center of the earth.,https://yts.gg/torrent/download/D7E04936BB904D0D691261B4F9B263701E161E37,magnet:?xt=urn:btih:D7E04936BB904D0D691261B4F9B263701E161E37&dn=Unknown%20World%20%5B1080p%5D&tr=udp%3A//open.demonii.com%3A1337/announce&tr=udp%3A//tracker.openbittorrent.com%3A80&tr=udp%3A//tracker.coppersurfer.tk%3A6969&tr=udp%3A//glotorrents.pw%3A6969/announce&tr=udp%3A//tracker.opentrackr.org%3A1337/announce&tr=udp%3A//torrent.gresille.org%3A80/announce&tr=udp%3A//p4p.arenabg.com%3A1337&tr=udp%3A//tracker.leechers-paradise.org%3A6969,https://yts.gg/torrent/download/0C329501B7D73AAF9F6DA2C31110F1854C837C50,magnet:?xt=urn:btih:0C329501B7D73AAF9F6DA2C31110F1854C837C50&dn=Unknown%20World%20%5B720p%5D&tr=udp%3A//open.demonii.com%3A1337/announce&tr=udp%3A//tracker.openbittorrent.com%3A80&tr=udp%3A//tracker.coppersurfer.tk%3A6969&tr=udp%3A//glotorrents.pw%3A6969/announce&tr=udp%3A//tracker.opentrackr.org%3A1337/announce&tr=udp%3A//torrent.gresille.org%3A80/announce&tr=udp%3A//p4p.arenabg.com%3A1337&tr=udp%3A//tracker.leechers-paradise.org%3A6969,https://www.google.com/search?q=Unknown&stick=H4sIAAAAAAAAAONgVuLUz9U3sEzKMy8BAEf6HZMNAAAA,https://yts.gg/assets/images/movies/unknown_world_1951/large-cover.jpg
The Dig,movie,2021,7.1,An archaeologist embarks on the historically important excavation of Sutton Hoo in 1938.,https://yts.gg/torrent/download/172A3E50CAEB3A339B07091A75A59EFC4BBDBCE9,magnet:?xt=urn:btih:172A3E50CAEB3A339B07091A75A59EFC4BBDBCE9&dn=The%20Dig%20%5B1080p%5D&tr=udp%3A//open.demonii.com%3A1337/announce&tr=udp%3A//tracker.openbittorrent.com%3A80&tr=udp%3A//tracker.coppersurfer.tk%3A6969&tr=udp%3A//glotorrents.pw%3A6969/announce&tr=udp%3A//tracker.opentrackr.org%3A1337/announce&tr=udp%3A//torrent.gresille.org%3A80/announce&tr=udp%3A//p4p.arenabg.com%3A1337&tr=udp%3A//tracker.leechers-paradise.org%3A6969,https://yts.gg/torrent/download/195A6657929827C6B74A6140D59CA2340DE2B49D,magnet:?xt=urn:btih:195A6657929827C6B74A6140D59CA2340DE2B49D&dn=The%20Dig%20%5B720p%5D&tr=udp%3A//open.demonii.com%3A1337/announce&tr=udp%3A//tracker.openbittorrent.com%3A80&tr=udp%3A//tracker.coppersurfer.tk%3A6969&tr=udp%3A//glotorrents.pw%3A6969/announce&tr=udp%3A//tracker.opentrackr.org%3A1337/announce&tr=udp%3A//torrent.gresille.org%3A80/announce&tr=udp%3A//p4p.arenabg.com%3A1337&tr=udp%3A//tracker.leechers-paradise.org%3A6969,https://www.google.com/search?q=The+Dig&stick=H4sIAAAAAAAAAONgVuLVT9c3NEzLK6syNCrOBQCYuSgJEQAAAA,https://yts.gg/assets/images/movies/the_dig_2021/large-cover.jpg
Perfect Blue,,,,"Perfect Blue is a 1997 Japanese animated psychological thriller film directed by Satoshi Kon. It is loosely based on the novel Perfect Blue: Complete Metamorphosis by Yoshikazu Takeuchi, with a screenplay by Sadayuki Murai. Featuring the voices of Junko Iwao, Rica Matsumoto, Shiho Niiyama, Masaaki Okura, Shinpachi Tsuji and Emiko Furukawa, the plot follows a member of a Japanese idol group who retires from music to pursue an acting career. As she becomes a victim of stalking by her obsessive fan, gruesome murders take place, and she begins losing her grip on reality. The film deals with the blurring of the line between fantasy and reality, a commonly found theme in Kon's other works, such as Millennium Actress (2001), Paranoia Agent (2004), and Paprika (2006).",,,,,https://www.google.com/search?q=Perfect+Blue&stick=H4sIAAAAAAAAAONgVuLUz9U3MCzKKSoBADeJ_n0NAAAA,
Starship Troopers,movie,1997,7.3,"Humans, in a fascist militaristic future, wage war with giant alien bugs.",https://yts.gg/torrent/download/8FEB432A69C2C229257405A486970DBF09C681F7,magnet:?xt=urn:btih:8FEB432A69C2C229257405A486970DBF09C681F7&dn=Starship%20Troopers%20%5B1080p%5D&tr=udp%3A//open.demonii.com%3A1337/announce&tr=udp%3A//tracker.openbittorrent.com%3A80&tr=udp%3A//tracker.coppersurfer.tk%3A6969&tr=udp%3A//glotorrents.pw%3A6969/announce&tr=udp%3A//tracker.opentrackr.org%3A1337/announce&tr=udp%3A//torrent.gresille.org%3A80/announce&tr=udp%3A//p4p.arenabg.com%3A1337&tr=udp%3A//tracker.leechers-paradise.org%3A6969,https://yts.gg/torrent/download/FF770BBAD7044BE67E518EA85371586CB6B6005C,magnet:?xt=urn:btih:FF770BBAD7044BE67E518EA85371586CB6B6005C&dn=Starship%20Troopers%20%5B720p%5D&tr=udp%3A//open.demonii.com%3A1337/announce&tr=udp%3A//tracker.openbittorrent.com%3A80&tr=udp%3A//tracker.coppersurfer.tk%3A6969&tr=udp%3A//glotorrents.pw%3A6969/announce&tr=udp%3A//tracker.opentrackr.org%3A1337/announce&tr=udp%3A//torrent.gresille.org%3A80/announce&tr=udp%3A//p4p.arenabg.com%3A1337&tr=udp%3A//tracker.leechers-paradise.org%3A6969,https://www.google.com/search?q=Starship+Troopers&stick=H4sIAAAAAAAAAONgVuLUz9U3MEyuTC4EAMkPBawNAAAA,https://yts.gg/assets/images/movies/Starship_Troopers_1997/large-cover.jpg
All Her Fault,,,,"All Her Fault is a mystery thriller television miniseries for Peacock starring Sarah Snook, Jake Lacy, and Dakota Fanning. It is based on the 2021 novel of the same name by Andrea Mara. The series premiered on November 6, 2025, and received generally positive reviews from critics, with particular praise for Snook and Fanning's performances. It received two nominations at the 83rd Golden Globe Awards: Best Limited Series and Best Actress – Miniseries for Snook.",,,,,https://www.google.com/search?q=All+Her+Fault&stick=H4sIAAAAAAAAAONgVuLVT9c3NMwpsEhLS8rLBgDegyITEQAAAA,
The Manipulated,,,,"The Manipulated (Korean: 조각도시) is a 2025 South Korean revenge action crime thriller television series written by Oh Sang-ho, directed by Park Shin-woo and Kim Chang-ju, and starring Ji Chang-wook, Doh Kyung-soo, Kim Jong-soo, Jo Yoon-su, and Lee Kwang-soo. It is based on the film Fabricated City, which Oh Sang-ho co-wrote.",,,,,https://www.google.com/search?q=The+Manipulated&stick=H4sIAAAAAAAAAONgVuLVT9c3NCzPy403yC0sAwCHfwa-EQAAAA,
Pride & Prejudice,movie,2005,7.8,"When Elizabeth Bennet meets the handsome Mr. Darcy, she believes he is the last man she could ever marry, but as their lives become intertwined, she finds herself captivated by the man she has sworn to hate forever.",https://yts.gg/torrent/download/F09FE2AC78F6CFD2D75392234B1ED33045018730,magnet:?xt=urn:btih:F09FE2AC78F6CFD2D75392234B1ED33045018730&dn=Pride%20%26%20Prejudice%20%5B1080p%5D&tr=udp%3A//open.demonii.com%3A1337/announce&tr=udp%3A//tracker.openbittorrent.com%3A80&tr=udp%3A//tracker.coppersurfer.tk%3A6969&tr=udp%3A//glotorrents.pw%3A6969/announce&tr=udp%3A//tracker.opentrackr.org%3A1337/announce&tr=udp%3A//torrent.gresille.org%3A80/announce&tr=udp%3A//p4p.arenabg.com%3A1337&tr=udp%3A//tracker.leechers-paradise.org%3A6969,https://yts.gg/torrent/download/248BB78B08BFCAB74E2F40A48291B8C23A1912EB,magnet:?xt=urn:btih:248BB78B08BFCAB74E2F40A48291B8C23A1912EB&dn=Pride%20%26%20Prejudice%20%5B720p%5D&tr=udp%3A//open.demonii.com%3A1337/announce&tr=udp%3A//tracker.openbittorrent.com%3A80&tr=udp%3A//tracker.coppersurfer.tk%3A6969&tr=udp%3A//glotorrents.pw%3A6969/announce&tr=udp%3A//tracker.opentrackr.org%3A1337/announce&tr=udp%3A//torrent.gresille.org%3A80/announce&tr=udp%3A//p4p.arenabg.com%3A1337&tr=udp%3A//tracker.leechers-paradise.org%3A6969,https://www.google.com/search?q=Pride+%26+Prejudice&stick=H4sIAAAAAAAAAONgVuLUz9U3MDeqyjEEAKhx9qMNAAAA,https://yts.gg/assets/images/movies/Pride_Prejudice_2005/large-cover.jpg
The Nightingale,movie,2018,7.3,"Set in 1825, Clare, a young Irish convict woman, chases a British officer through the rugged Tasmanian wilderness, bent on revenge for a terrible act of violence he committed against her family. On the way she enlists the services of an Aboriginal tracker named Billy, who is also marked by trauma from his own violence-filled past.",https://yts.gg/torrent/download/1F8FF19DB4E1F9BFCFD31BBD9876EAB649B34C62,magnet:?xt=urn:btih:1F8FF19DB4E1F9BFCFD31BBD9876EAB649B34C62&dn=The%20Nightingale%20%5B1080p%5D&tr=udp%3A//open.demonii.com%3A1337/announce&tr=udp%3A//tracker.openbittorrent.com%3A80&tr=udp%3A//tracker.coppersurfer.tk%3A6969&tr=udp%3A//glotorrents.pw%3A6969/announce&tr=udp%3A//tracker.opentrackr.org%3A1337/announce&tr=udp%3A//torrent.gresille.org%3A80/announce&tr=udp%3A//p4p.arenabg.com%3A1337&tr=udp%3A//tracker.leechers-paradise.org%3A6969,https://yts.gg/torrent/download/0BBDE30B58FF5A4CDD56030C6483754E0D56B851,magnet:?xt=urn:btih:0BBDE30B58FF5A4CDD56030C6483754E0D56B851&dn=The%20Nightingale%20%5B720p%5D&tr=udp%3A//open.demonii.com%3A1337/announce&tr=udp%3A//tracker.openbittorrent.com%3A80&tr=udp%3A//tracker.coppersurfer.tk%3A6969&tr=udp%3A//glotorrents.pw%3A6969/announce&tr=udp%3A//tracker.opentrackr.org%3A1337/announce&tr=udp%3A//torrent.gresille.org%3A80/announce&tr=udp%3A//p4p.arenabg.com%3A1337&tr=udp%3A//tracker.leechers-paradise.org%3A6969,https://www.google.com/search?q=The+Nightingale&stick=H4sIAAAAAAAAAONgVuLVT9c3NEyqKjZJMbVMAwA27yXNEQAAAA,https://yts.gg/assets/images/movies/the_nightingale_2018/large-cover.jpg
No Other Choice,,,,"No Other Choice is a 2025 South Korean black comedy thriller film co-written, produced, and directed by Park Chan-wook. Based on The Ax by Donald Westlake, the film stars Lee Byung-hun, Son Ye-jin, Park Hee-soon, Lee Sung-min, Yeom Hye-ran, and Cha Seung-won. It is the second film adaptation of the novel, after the 2005 French-language feature The Axe directed by Costa-Gavras, to whom No Other Choice is dedicated in the closing credits. The film follows a desperate paper industry expert who decides to kill off his competition to be assured of the job he seeks to maintain his way of life.",,,,,https://www.google.com/search?q=No+Other+Choice&stick=H4sIAAAAAAAAAONgVuLVT9c3NCw3ysgqyzDOAgDD7oUNEQAAAA,
Pat & Mat,,,,"Pat & Mat is a Czech slapstick stop motion silent animated series created by Lubomír Beneš and Vladimír Jiránek. The characters first appeared in the theatrically released short Kuťáci (Tinkers) in 1976, while the first made-for-TV episode ""Tapety"" (""Wallpaper"") was produced for ČST Bratislava three years later.",,,,,https://www.google.com/search?q=Pat+%26+Mat&stick=H4sIAAAAAAAAAONgVuLUz9U3MC03z4kHAAvYtKcNAAAA,
The Killing,movie,2025,4.3,An 80's throwback horror film about a TV Personality with murderous tendencies.,https://yts.gg/torrent/download/566ECC30632A71F39752BEEA975F2E3445F8C4FB,magnet:?xt=urn:btih:566ECC30632A71F39752BEEA975F2E3445F8C4FB&dn=The%20Art%20of%20Killing%20%5B1080p%5D&tr=udp%3A//open.demonii.com%3A1337/announce&tr=udp%3A//tracker.openbittorrent.com%3A80&tr=udp%3A//tracker.coppersurfer.tk%3A6969&tr=udp%3A//glotorrents.pw%3A6969/announce&tr=udp%3A//tracker.opentrackr.org%3A1337/announce&tr=udp%3A//torrent.gresille.org%3A80/announce&tr=udp%3A//p4p.arenabg.com%3A1337&tr=udp%3A//tracker.leechers-paradise.org%3A6969,https://yts.gg/torrent/download/B6D4CBE30F0A099961E61F00908B9027BFB80A32,magnet:?xt=urn:btih:B6D4CBE30F0A099961E61F00908B9027BFB80A32&dn=The%20Art%20of%20Killing%20%5B720p%5D&tr=udp%3A//open.demonii.com%3A1337/announce&tr=udp%3A//tracker.openbittorrent.com%3A80&tr=udp%3A//tracker.coppersurfer.tk%3A6969&tr=udp%3A//glotorrents.pw%3A6969/announce&tr=udp%3A//tracker.opentrackr.org%3A1337/announce&tr=udp%3A//torrent.gresille.org%3A80/announce&tr=udp%3A//p4p.arenabg.com%3A1337&tr=udp%3A//tracker.leechers-paradise.org%3A6969,https://www.google.com/search?q=The+Killing&stick=H4sIAAAAAAAAAONgVuLSz9U3SK6yNDYtAgAERvRYDgAAAA,https://yts.gg/assets/images/movies/the_art_of_killing_2025/large-cover.jpg
Under the Silver Lake,movie,2018,6.5,"Sam, a disenchanted young man, finds a mysterious woman swimming in his apartment's pool one night. The next morning, she disappears. Sam sets off across LA to find her, and along the way he uncovers a conspiracy far more bizarre.",https://yts.gg/torrent/download/1E0AD4F897D714018F7B63B32BED928A92A0B616,magnet:?xt=urn:btih:1E0AD4F897D714018F7B63B32BED928A92A0B616&dn=Under%20the%20Silver%20Lake%20%5B1080p%5D&tr=udp%3A//open.demonii.com%3A1337/announce&tr=udp%3A//tracker.openbittorrent.com%3A80&tr=udp%3A//tracker.coppersurfer.tk%3A6969&tr=udp%3A//glotorrents.pw%3A6969/announce&tr=udp%3A//tracker.opentrackr.org%3A1337/announce&tr=udp%3A//torrent.gresille.org%3A80/announce&tr=udp%3A//p4p.arenabg.com%3A1337&tr=udp%3A//tracker.leechers-paradise.org%3A6969,https://yts.gg/torrent/download/808A37DFAAEC37ACDC05A8F0A4B92ED7B0391EC4,magnet:?xt=urn:btih:808A37DFAAEC37ACDC05A8F0A4B92ED7B0391EC4&dn=Under%20the%20Silver%20Lake%20%5B720p%5D&tr=udp%3A//open.demonii.com%3A1337/announce&tr=udp%3A//tracker.openbittorrent.com%3A80&tr=udp%3A//tracker.coppersurfer.tk%3A6969&tr=udp%3A//glotorrents.pw%3A6969/announce&tr=udp%3A//tracker.opentrackr.org%3A1337/announce&tr=udp%3A//torrent.gresille.org%3A80/announce&tr=udp%3A//p4p.arenabg.com%3A1337&tr=udp%3A//tracker.leechers-paradise.org%3A6969,https://www.google.com/search?q=Under+the+Silver+Lake&stick=H4sIAAAAAAAAAONgVuLVT9c3NEw2MrAsrEg2BwBHBYpEEQAAAA,https://yts.gg/assets/images/movies/under_the_silver_lake_2018/large-cover.jpg
Hotel Rwanda,movie,2004,8.1,"Paul Rusesabagina, a hotel manager, houses over a thousand Tutsi refugees during their struggle against the Hutu militia in Rwanda, Africa.",https://yts.gg/torrent/download/FB69E1861D559FD61EFAEACB7ABCB4799403C305,magnet:?xt=urn:btih:FB69E1861D559FD61EFAEACB7ABCB4799403C305&dn=Hotel%20Rwanda%20%5B1080p%5D&tr=udp%3A//open.demonii.com%3A1337/announce&tr=udp%3A//tracker.openbittorrent.com%3A80&tr=udp%3A//tracker.coppersurfer.tk%3A6969&tr=udp%3A//glotorrents.pw%3A6969/announce&tr=udp%3A//tracker.opentrackr.org%3A1337/announce&tr=udp%3A//torrent.gresille.org%3A80/announce&tr=udp%3A//p4p.arenabg.com%3A1337&tr=udp%3A//tracker.leechers-paradise.org%3A6969,https://yts.gg/torrent/download/031EDCD79F267D9064EFF0990646550141A28718,magnet:?xt=urn:btih:031EDCD79F267D9064EFF0990646550141A28718&dn=Hotel%20Rwanda%20%5B720p%5D&tr=udp%3A//open.demonii.com%3A1337/announce&tr=udp%3A//tracker.openbittorrent.com%3A80&tr=udp%3A//tracker.coppersurfer.tk%3A6969&tr=udp%3A//glotorrents.pw%3A6969/announce&tr=udp%3A//tracker.opentrackr.org%3A1337/announce&tr=udp%3A//torrent.gresille.org%3A80/announce&tr=udp%3A//p4p.arenabg.com%3A1337&tr=udp%3A//tracker.leechers-paradise.org%3A6969,https://www.google.com/search?q=Hotel+Rwanda&stick=H4sIAAAAAAAAAONgVuLUz9U3MDEzsbAAABEcO7YNAAAA,https://yts.gg/assets/images/movies/Hotel_Rwanda_2004/large-cover.jpg
Project Almanac,movie,2015,6.4,"A group of teens discovers secret plans for a time machine, and construct one. However, things start to get out of control.",https://yts.gg/torrent/download/F42B13271DB2BAB941EE0D49F2558399ED6D963B,magnet:?xt=urn:btih:F42B13271DB2BAB941EE0D49F2558399ED6D963B&dn=Project%20Almanac%20%5B1080p%5D&tr=udp%3A//open.demonii.com%3A1337/announce&tr=udp%3A//tracker.openbittorrent.com%3A80&tr=udp%3A//tracker.coppersurfer.tk%3A6969&tr=udp%3A//glotorrents.pw%3A6969/announce&tr=udp%3A//tracker.opentrackr.org%3A1337/announce&tr=udp%3A//torrent.gresille.org%3A80/announce&tr=udp%3A//p4p.arenabg.com%3A1337&tr=udp%3A//tracker.leechers-paradise.org%3A6969,https://yts.gg/torrent/download/523EF7169F14C884FC2AD988451BBB6A4E0BD5F4,magnet:?xt=urn:btih:523EF7169F14C884FC2AD988451BBB6A4E0BD5F4&dn=Project%20Almanac%20%5B720p%5D&tr=udp%3A//open.demonii.com%3A1337/announce&tr=udp%3A//tracker.openbittorrent.com%3A80&tr=udp%3A//tracker.coppersurfer.tk%3A6969&tr=udp%3A//glotorrents.pw%3A6969/announce&tr=udp%3A//tracker.opentrackr.org%3A1337/announce&tr=udp%3A//torrent.gresille.org%3A80/announce&tr=udp%3A//p4p.arenabg.com%3A1337&tr=udp%3A//tracker.leechers-paradise.org%3A6969,https://www.google.com/search?q=Project+Almanac&stick=H4sIAAAAAAAAAONgVuLSz9U3KDcvSDIqAwCfm56jDgAAAA,https://yts.gg/assets/images/movies/project_almanac_2014/large-cover.jpg
Hell On Wheels,movie,1967,5.2,"At first, gas station attendant Poet is happy when the Hell's Angels gang finally accepts him. But he's shocked when he learns just how brutal they are.",https://yts.gg/torrent/download/CC4E9CE0087F1ED0C8AEA9AB82116B64C7554E0B,magnet:?xt=urn:btih:CC4E9CE0087F1ED0C8AEA9AB82116B64C7554E0B&dn=Hells%20Angels%20on%20Wheels%20%5B1080p%5D&tr=udp%3A//open.demonii.com%3A1337/announce&tr=udp%3A//tracker.openbittorrent.com%3A80&tr=udp%3A//tracker.coppersurfer.tk%3A6969&tr=udp%3A//glotorrents.pw%3A6969/announce&tr=udp%3A//tracker.opentrackr.org%3A1337/announce&tr=udp%3A//torrent.gresille.org%3A80/announce&tr=udp%3A//p4p.arenabg.com%3A1337&tr=udp%3A//tracker.leechers-paradise.org%3A6969,https://yts.gg/torrent/download/199698A656B5092869AD9E491D8F0BF8EA1A7C5D,magnet:?xt=urn:btih:199698A656B5092869AD9E491D8F0BF8EA1A7C5D&dn=Hells%20Angels%20on%20Wheels%20%5B720p%5D&tr=udp%3A//open.demonii.com%3A1337/announce&tr=udp%3A//tracker.openbittorrent.com%3A80&tr=udp%3A//tracker.coppersurfer.tk%3A6969&tr=udp%3A//glotorrents.pw%3A6969/announce&tr=udp%3A//tracker.opentrackr.org%3A1337/announce&tr=udp%3A//torrent.gresille.org%3A80/announce&tr=udp%3A//p4p.arenabg.com%3A1337&tr=udp%3A//tracker.leechers-paradise.org%3A6969,https://www.google.com/search?q=Hell+On+Wheels&stick=H4sIAAAAAAAAAONgVuLSz9U3SElJz8i1BADbqXZCDgAAAA,https://yts.gg/assets/images/movies/hells_angels_on_wheels_1967/large-cover.jpg
Harley and the Davidsons,movie,1991,6.1,"Two lone riders hold up a bank's armoured car to save their friend's bar from imminent foreclosure. Soon, the mission goes awry when they discover the vehicle's unexpected cargo.",https://yts.gg/torrent/download/7D8E06D3AC33237C1FFC9215DB04905958F2691A,magnet:?xt=urn:btih:7D8E06D3AC33237C1FFC9215DB04905958F2691A&dn=Harley%20Davidson%20and%20the%20Marlboro%20Man%20%5B1080p%5D&tr=udp%3A//open.demonii.com%3A1337/announce&tr=udp%3A//tracker.openbittorrent.com%3A80&tr=udp%3A//tracker.coppersurfer.tk%3A6969&tr=udp%3A//glotorrents.pw%3A6969/announce&tr=udp%3A//tracker.opentrackr.org%3A1337/announce&tr=udp%3A//torrent.gresille.org%3A80/announce&tr=udp%3A//p4p.arenabg.com%3A1337&tr=udp%3A//tracker.leechers-paradise.org%3A6969,https://yts.gg/torrent/download/22C6898F5BF0B1456A6C4D1588C97458A775EE01,magnet:?xt=urn:btih:22C6898F5BF0B1456A6C4D1588C97458A775EE01&dn=Harley%20Davidson%20and%20the%20Marlboro%20Man%20%5B720p%5D&tr=udp%3A//open.demonii.com%3A1337/announce&tr=udp%3A//tracker.openbittorrent.com%3A80&tr=udp%3A//tracker.coppersurfer.tk%3A6969&tr=udp%3A//glotorrents.pw%3A6969/announce&tr=udp%3A//tracker.opentrackr.org%3A1337/announce&tr=udp%3A//torrent.gresille.org%3A80/announce&tr=udp%3A//p4p.arenabg.com%3A1337&tr=udp%3A//tracker.leechers-paradise.org%3A6969,https://www.google.com/search?q=Harley+and+the+Davidsons&stick=H4sIAAAAAAAAAONgVuLVT9c3NEwuNrBMKTbNBQD-cTuqEQAAAA,https://yts.gg/assets/images/movies/harley_davidson_and_the_marlboro_man_1991/large-cover.jpg
Strange Darling,movie,2023,7,Nothing is what it seems when a twisted one-night stand spirals into a serial killer's vicious murder spree.,https://yts.gg/torrent/download/7C0B85538B6EA14A8EF29F17A470FC8419108EC7,magnet:?xt=urn:btih:7C0B85538B6EA14A8EF29F17A470FC8419108EC7&dn=Strange%20Darling%20%5B1080p%5D&tr=udp%3A//open.demonii.com%3A1337/announce&tr=udp%3A//tracker.openbittorrent.com%3A80&tr=udp%3A//tracker.coppersurfer.tk%3A6969&tr=udp%3A//glotorrents.pw%3A6969/announce&tr=udp%3A//tracker.opentrackr.org%3A1337/announce&tr=udp%3A//torrent.gresille.org%3A80/announce&tr=udp%3A//p4p.arenabg.com%3A1337&tr=udp%3A//tracker.leechers-paradise.org%3A6969,https://yts.gg/torrent/download/DA11D1AF2B50CA072C60079F8C53CAD03830B683,magnet:?xt=urn:btih:DA11D1AF2B50CA072C60079F8C53CAD03830B683&dn=Strange%20Darling%20%5B720p%5D&tr=udp%3A//open.demonii.com%3A1337/announce&tr=udp%3A//tracker.openbittorrent.com%3A80&tr=udp%3A//tracker.coppersurfer.tk%3A6969&tr=udp%3A//glotorrents.pw%3A6969/announce&tr=udp%3A//tracker.opentrackr.org%3A1337/announce&tr=udp%3A//torrent.gresille.org%3A80/announce&tr=udp%3A//p4p.arenabg.com%3A1337&tr=udp%3A//tracker.leechers-paradise.org%3A6969,https://www.google.com/search?q=Strange+Darling&stick=H4sIAAAAAAAAAONgVuLVT9c3NCzJKjDJKbYoAgBbBdkkEQAAAA,https://yts.gg/assets/images/movies/strange_darling_2023/large-cover.jpg
Buddy Daddies,,,,"Buddy Daddies is an original Japanese anime action comedy television series produced by P.A. Works. It was directed by Yoshiyuki Asai and written by Vio Shimokura of Nitroplus, Yūko Kakihara, and Yasuhiro Nakanishi, with Katsutoshi Kitagawa of Round Table composing the music. Katsumi Enami provided the original character designs, and Souichirou Sako adapted the designs for animation while also serving as chief animation director along with Sanae Satō. It aired from January to April 2023, on Tokyo MX and other networks.",,,,,https://www.google.com/search?q=Buddy+Daddies&stick=H4sIAAAAAAAAAONgVuLVT9c3NMyqrDIqrzA3BwB44GY_EQAAAA,
Radius,movie,2017,6.2,"A man wakes up with no memory of who he is, and finds that everyone who comes within a certain distance of him suddenly dies.",https://yts.gg/torrent/download/59AB563336FA2D421B490B529C7B5B9D7557AA64,magnet:?xt=urn:btih:59AB563336FA2D421B490B529C7B5B9D7557AA64&dn=Radius%20%5B1080p%5D&tr=udp%3A//open.demonii.com%3A1337/announce&tr=udp%3A//tracker.openbittorrent.com%3A80&tr=udp%3A//tracker.coppersurfer.tk%3A6969&tr=udp%3A//glotorrents.pw%3A6969/announce&tr=udp%3A//tracker.opentrackr.org%3A1337/announce&tr=udp%3A//torrent.gresille.org%3A80/announce&tr=udp%3A//p4p.arenabg.com%3A1337&tr=udp%3A//tracker.leechers-paradise.org%3A6969,https://yts.gg/torrent/download/F4B7FAC6CCC93C0248FE0846E72816031D95E814,magnet:?xt=urn:btih:F4B7FAC6CCC93C0248FE0846E72816031D95E814&dn=Radius%20%5B720p%5D&tr=udp%3A//open.demonii.com%3A1337/announce&tr=udp%3A//tracker.openbittorrent.com%3A80&tr=udp%3A//tracker.coppersurfer.tk%3A6969&tr=udp%3A//glotorrents.pw%3A6969/announce&tr=udp%3A//tracker.opentrackr.org%3A1337/announce&tr=udp%3A//torrent.gresille.org%3A80/announce&tr=udp%3A//p4p.arenabg.com%3A1337&tr=udp%3A//tracker.leechers-paradise.org%3A6969,https://www.google.com/search?q=Radius&stick=H4sIAAAAAAAAAONgVuLVT9c3NEwzys4qqUoyAACyxrWmEQAAAA,https://yts.gg/assets/images/movies/radius_2017/large-cover.jpg
The Ugly Stepsister,movie,2025,7,"Elvira battles against her gorgeous stepsister in a realm where beauty reigns supreme. She resorts to extreme measures to captivate the prince, amid a ruthless competition for physical perfection.",https://yts.gg/torrent/download/0C4D8FB158C278D63E8D747D9AF48BB1B49C1976,magnet:?xt=urn:btih:0C4D8FB158C278D63E8D747D9AF48BB1B49C1976&dn=Den%20stygge%20stes%C3%B8steren%20%5B1080p%5D&tr=udp%3A//open.demonii.com%3A1337/announce&tr=udp%3A//tracker.openbittorrent.com%3A80&tr=udp%3A//tracker.coppersurfer.tk%3A6969&tr=udp%3A//glotorrents.pw%3A6969/announce&tr=udp%3A//tracker.opentrackr.org%3A1337/announce&tr=udp%3A//torrent.gresille.org%3A80/announce&tr=udp%3A//p4p.arenabg.com%3A1337&tr=udp%3A//tracker.leechers-paradise.org%3A6969,https://yts.gg/torrent/download/660EF1E2D64361E203E6C1AA1F2B09D5EA6D7630,magnet:?xt=urn:btih:660EF1E2D64361E203E6C1AA1F2B09D5EA6D7630&dn=Den%20stygge%20stes%C3%B8steren%20%5B720p%5D&tr=udp%3A//open.demonii.com%3A1337/announce&tr=udp%3A//tracker.openbittorrent.com%3A80&tr=udp%3A//tracker.coppersurfer.tk%3A6969&tr=udp%3A//glotorrents.pw%3A6969/announce&tr=udp%3A//tracker.opentrackr.org%3A1337/announce&tr=udp%3A//torrent.gresille.org%3A80/announce&tr=udp%3A//p4p.arenabg.com%3A1337&tr=udp%3A//tracker.leechers-paradise.org%3A6969,https://www.google.com/search?q=The+Ugly+Stepsister&stick=H4sIAAAAAAAAAONgVuLVT9c3NCyvqIg3LDQqBgBjkK3vEQAAAA,https://yts.gg/assets/images/movies/the_ugly_stepsister_2025/large-cover.jpg
The King of Pigs,,,,,,,,,https://www.google.com/search?q=The+King+of+Pigs&stick=H4sIAAAAAAAAAONgVuLVT9c3NCwwN07KLirKBQCLOYXHEQAAAA,
On Your Mark,,,,,,,,,https://www.google.com/search?q=On+Your+Mark&stick=H4sIAAAAAAAAAONgVuLUz9U3MKrINbYAAEsKKcINAAAA,
Blue Lights,movie,1988,4.1,A group of teenagers battle a horde of zombies and evil creatures that live underneath a graveyard.,https://yts.gg/torrent/download/826DD367AA1AF2E6AB46BBF0726832AEE95935A9,magnet:?xt=urn:btih:826DD367AA1AF2E6AB46BBF0726832AEE95935A9&dn=Curse%20of%20the%20Blue%20Lights%20%5B1080p%5D&tr=udp%3A//open.demonii.com%3A1337/announce&tr=udp%3A//tracker.openbittorrent.com%3A80&tr=udp%3A//tracker.coppersurfer.tk%3A6969&tr=udp%3A//glotorrents.pw%3A6969/announce&tr=udp%3A//tracker.opentrackr.org%3A1337/announce&tr=udp%3A//torrent.gresille.org%3A80/announce&tr=udp%3A//p4p.arenabg.com%3A1337&tr=udp%3A//tracker.leechers-paradise.org%3A6969,https://yts.gg/torrent/download/DEBF01B949C2141CF018E69BAFD03BF1AF36CF50,magnet:?xt=urn:btih:DEBF01B949C2141CF018E69BAFD03BF1AF36CF50&dn=Curse%20of%20the%20Blue%20Lights%20%5B720p%5D&tr=udp%3A//open.demonii.com%3A1337/announce&tr=udp%3A//tracker.openbittorrent.com%3A80&tr=udp%3A//tracker.coppersurfer.tk%3A6969&tr=udp%3A//glotorrents.pw%3A6969/announce&tr=udp%3A//tracker.opentrackr.org%3A1337/announce&tr=udp%3A//torrent.gresille.org%3A80/announce&tr=udp%3A//p4p.arenabg.com%3A1337&tr=udp%3A//tracker.leechers-paradise.org%3A6969,https://www.google.com/search?q=Blue+Lights&stick=H4sIAAAAAAAAAONgVuLVT9c3NCwuqrQoNMioAgCfCx38EQAAAA,https://yts.gg/assets/images/movies/curse_of_the_blue_lights_1988/large-cover.jpg
Blood Brothers: Bara Naga,movie,2025,6.9,A group of close-knit men working in an 'elite security' organization providing protection for powerful men and organized crime leaders is tested when betrayal lurks within the brotherhood.,https://yts.gg/torrent/download/3E20E1E5EF8FB9B2413BD14AD54CC1B065C2BF87,magnet:?xt=urn:btih:3E20E1E5EF8FB9B2413BD14AD54CC1B065C2BF87&dn=Blood%20Brothers%3A%20Bara%20Naga%20%5B1080p%5D&tr=udp%3A//open.demonii.com%3A1337/announce&tr=udp%3A//tracker.openbittorrent.com%3A80&tr=udp%3A//tracker.coppersurfer.tk%3A6969&tr=udp%3A//glotorrents.pw%3A6969/announce&tr=udp%3A//tracker.opentrackr.org%3A1337/announce&tr=udp%3A//torrent.gresille.org%3A80/announce&tr=udp%3A//p4p.arenabg.com%3A1337&tr=udp%3A//tracker.leechers-paradise.org%3A6969,https://yts.gg/torrent/download/2E600CCA238847459498FE45CB7AB11A80C84BCD,magnet:?xt=urn:btih:2E600CCA238847459498FE45CB7AB11A80C84BCD&dn=Blood%20Brothers%3A%20Bara%20Naga%20%5B720p%5D&tr=udp%3A//open.demonii.com%3A1337/announce&tr=udp%3A//tracker.openbittorrent.com%3A80&tr=udp%3A//tracker.coppersurfer.tk%3A6969&tr=udp%3A//glotorrents.pw%3A6969/announce&tr=udp%3A//tracker.opentrackr.org%3A1337/announce&tr=udp%3A//torrent.gresille.org%3A80/announce&tr=udp%3A//p4p.arenabg.com%3A1337&tr=udp%3A//tracker.leechers-paradise.org%3A6969,https://www.google.com/search?q=Blood+Brothers:+Bara+Naga&stick=H4sIAAAAAAAAAONgVuLVT9c3NMypKi4wKywyAgCb4sAcEQAAAA,https://yts.gg/assets/images/movies/blood_brothers_bara_naga_2025/large-cover.jpg
Super 30,movie,2019,7.9,Based on the life of Patna-based mathematician Anand Kumar who runs the famed Super 30 program for IIT aspirants in Patna.,https://yts.gg/torrent/download/2CF77879747EC09C05A39D95486AC64BDF4BB4EF,magnet:?xt=urn:btih:2CF77879747EC09C05A39D95486AC64BDF4BB4EF&dn=Super%2030%20%5B1080p%5D&tr=udp%3A//open.demonii.com%3A1337/announce&tr=udp%3A//tracker.openbittorrent.com%3A80&tr=udp%3A//tracker.coppersurfer.tk%3A6969&tr=udp%3A//glotorrents.pw%3A6969/announce&tr=udp%3A//tracker.opentrackr.org%3A1337/announce&tr=udp%3A//torrent.gresille.org%3A80/announce&tr=udp%3A//p4p.arenabg.com%3A1337&tr=udp%3A//tracker.leechers-paradise.org%3A6969,https://yts.gg/torrent/download/741DD80A7DFE20BEDE0F73432A6A2F7B23878EEF,magnet:?xt=urn:btih:741DD80A7DFE20BEDE0F73432A6A2F7B23878EEF&dn=Super%2030%20%5B720p%5D&tr=udp%3A//open.demonii.com%3A1337/announce&tr=udp%3A//tracker.openbittorrent.com%3A80&tr=udp%3A//tracker.coppersurfer.tk%3A6969&tr=udp%3A//glotorrents.pw%3A6969/announce&tr=udp%3A//tracker.opentrackr.org%3A1337/announce&tr=udp%3A//torrent.gresille.org%3A80/announce&tr=udp%3A//p4p.arenabg.com%3A1337&tr=udp%3A//tracker.leechers-paradise.org%3A6969,https://www.google.com/search?q=Super+30&stick=H4sIAAAAAAAAAONgVuLVT9c3NMxIKjMsNytOAgAqGujdEQAAAA,https://yts.gg/assets/images/movies/super_30_2019/large-cover.jpg
Three Days and a Life,,,,,,,,,https://www.google.com/search?q=Three+Days+and+a+Life&stick=H4sIAAAAAAAAAONgVuLVT9c3NMyoyiqJz4svBADzD3jXEQAAAA,
The Lake House,movie,2006,6.8,"A lonely doctor who once occupied an unusual lakeside house begins to exchange love letters with its former resident, a frustrated architect. They must try to unravel the mystery behind their extraordinary romance before it's too late.",https://yts.gg/torrent/download/87B2F85B9E20A94724A5C698396623F5219BB30E,magnet:?xt=urn:btih:87B2F85B9E20A94724A5C698396623F5219BB30E&dn=The%20Lake%20House%20%5B1080p%5D&tr=udp%3A//open.demonii.com%3A1337/announce&tr=udp%3A//tracker.openbittorrent.com%3A80&tr=udp%3A//tracker.coppersurfer.tk%3A6969&tr=udp%3A//glotorrents.pw%3A6969/announce&tr=udp%3A//tracker.opentrackr.org%3A1337/announce&tr=udp%3A//torrent.gresille.org%3A80/announce&tr=udp%3A//p4p.arenabg.com%3A1337&tr=udp%3A//tracker.leechers-paradise.org%3A6969,https://yts.gg/torrent/download/D33F828FE25019CC11608E83049BF89F9842C9CE,magnet:?xt=urn:btih:D33F828FE25019CC11608E83049BF89F9842C9CE&dn=The%20Lake%20House%20%5B720p%5D&tr=udp%3A//open.demonii.com%3A1337/announce&tr=udp%3A//tracker.openbittorrent.com%3A80&tr=udp%3A//tracker.coppersurfer.tk%3A6969&tr=udp%3A//glotorrents.pw%3A6969/announce&tr=udp%3A//tracker.opentrackr.org%3A1337/announce&tr=udp%3A//torrent.gresille.org%3A80/announce&tr=udp%3A//p4p.arenabg.com%3A1337&tr=udp%3A//tracker.leechers-paradise.org%3A6969,https://www.google.com/search?q=The+Lake+House&stick=H4sIAAAAAAAAAONgVuLUz9U3SErKzc4AANP0l9wNAAAA,https://yts.gg/assets/images/movies/The_Lake_House_2006/large-cover.jpg
St. Vincent,movie,2014,7.2,"A young boy whose parents have just divorced finds an unlikely friend and mentor in the misanthropic, bawdy, hedonistic war veteran who lives next door.",https://yts.gg/torrent/download/CC1B6AC147CE0C7F92B59C1FE1DAA9408F3CC0C4,magnet:?xt=urn:btih:CC1B6AC147CE0C7F92B59C1FE1DAA9408F3CC0C4&dn=St.%20Vincent%20%5B1080p%5D&tr=udp%3A//open.demonii.com%3A1337/announce&tr=udp%3A//tracker.openbittorrent.com%3A80&tr=udp%3A//tracker.coppersurfer.tk%3A6969&tr=udp%3A//glotorrents.pw%3A6969/announce&tr=udp%3A//tracker.opentrackr.org%3A1337/announce&tr=udp%3A//torrent.gresille.org%3A80/announce&tr=udp%3A//p4p.arenabg.com%3A1337&tr=udp%3A//tracker.leechers-paradise.org%3A6969,https://yts.gg/torrent/download/AC4EF238561FF65BCAD78023C8389EE53737761E,magnet:?xt=urn:btih:AC4EF238561FF65BCAD78023C8389EE53737761E&dn=St.%20Vincent%20%5B720p%5D&tr=udp%3A//open.demonii.com%3A1337/announce&tr=udp%3A//tracker.openbittorrent.com%3A80&tr=udp%3A//tracker.coppersurfer.tk%3A6969&tr=udp%3A//glotorrents.pw%3A6969/announce&tr=udp%3A//tracker.opentrackr.org%3A1337/announce&tr=udp%3A//torrent.gresille.org%3A80/announce&tr=udp%3A//p4p.arenabg.com%3A1337&tr=udp%3A//tracker.leechers-paradise.org%3A6969,https://www.google.com/search?q=St.+Vincent&stick=H4sIAAAAAAAAAONgVuLSz9U3KE_KKTEyAwBRrdUnDgAAAA,https://yts.gg/assets/images/movies/St_Vincent_2014/large-cover.jpg
Changing Lanes,movie,2025,6.9,Politics and planning collide in the struggle to redesign Brooklyn's notoriously dangerous McGuinness Blvd.,https://yts.gg/torrent/download/DB5DF230C564A5FE3BC3CEA0EA5CB5D81A974E65,magnet:?xt=urn:btih:DB5DF230C564A5FE3BC3CEA0EA5CB5D81A974E65&dn=Changing%20Lanes%20%5B1080p%5D&tr=udp%3A//open.demonii.com%3A1337/announce&tr=udp%3A//tracker.openbittorrent.com%3A80&tr=udp%3A//tracker.coppersurfer.tk%3A6969&tr=udp%3A//glotorrents.pw%3A6969/announce&tr=udp%3A//tracker.opentrackr.org%3A1337/announce&tr=udp%3A//torrent.gresille.org%3A80/announce&tr=udp%3A//p4p.arenabg.com%3A1337&tr=udp%3A//tracker.leechers-paradise.org%3A6969,https://yts.gg/torrent/download/07E824FE10826A1E359828E7413D395A832D836C,magnet:?xt=urn:btih:07E824FE10826A1E359828E7413D395A832D836C&dn=Changing%20Lanes%20%5B720p%5D&tr=udp%3A//open.demonii.com%3A1337/announce&tr=udp%3A//tracker.openbittorrent.com%3A80&tr=udp%3A//tracker.coppersurfer.tk%3A6969&tr=udp%3A//glotorrents.pw%3A6969/announce&tr=udp%3A//tracker.opentrackr.org%3A1337/announce&tr=udp%3A//torrent.gresille.org%3A80/announce&tr=udp%3A//p4p.arenabg.com%3A1337&tr=udp%3A//tracker.leechers-paradise.org%3A6969,https://www.google.com/search?q=Changing+Lanes&stick=H4sIAAAAAAAAAONgVuLUz9U3MCk3T8sGAITtj0ENAAAA,https://yts.gg/assets/images/movies/changing_lanes_2025/large-cover.jpg
A Shop for Killers,,,,,,,,,https://www.google.com/search?q=A+Shop+for+Killers&stick=H4sIAAAAAAAAAONgVuLVT9c3NMzONi3JMi3MAABmTfatEQAAAA,
Harsh Times,movie,2005,6.8,A tough-minded drama about two friends in South Central Los Angeles and the violence that comes between them.,https://yts.gg/torrent/download/83807D2E04D3AD73C4DEDC4A7675BA28F0F2F59B,magnet:?xt=urn:btih:83807D2E04D3AD73C4DEDC4A7675BA28F0F2F59B&dn=Harsh%20Times%20%5B1080p%5D&tr=udp%3A//open.demonii.com%3A1337/announce&tr=udp%3A//tracker.openbittorrent.com%3A80&tr=udp%3A//tracker.coppersurfer.tk%3A6969&tr=udp%3A//glotorrents.pw%3A6969/announce&tr=udp%3A//tracker.opentrackr.org%3A1337/announce&tr=udp%3A//torrent.gresille.org%3A80/announce&tr=udp%3A//p4p.arenabg.com%3A1337&tr=udp%3A//tracker.leechers-paradise.org%3A6969,https://yts.gg/torrent/download/E099A389BD7EB937C8613B6441C3559AD15571F4,magnet:?xt=urn:btih:E099A389BD7EB937C8613B6441C3559AD15571F4&dn=Harsh%20Times%20%5B720p%5D&tr=udp%3A//open.demonii.com%3A1337/announce&tr=udp%3A//tracker.openbittorrent.com%3A80&tr=udp%3A//tracker.coppersurfer.tk%3A6969&tr=udp%3A//glotorrents.pw%3A6969/announce&tr=udp%3A//tracker.opentrackr.org%3A1337/announce&tr=udp%3A//torrent.gresille.org%3A80/announce&tr=udp%3A//p4p.arenabg.com%3A1337&tr=udp%3A//tracker.leechers-paradise.org%3A6969,https://www.google.com/search?q=Harsh+Times&stick=H4sIAAAAAAAAAONgVuLUz9U3SDfMyUkCAAHOmWMNAAAA,https://yts.gg/assets/images/movies/Harsh_Times_2005/large-cover.jpg
Bad Cat,,,,,,,,,https://www.google.com/search?q=Bad+Cat&stick=H4sIAAAAAAAAAONgVuLSz9U3yCoxyTJNBwCkgBE8DgAAAA,
MobLand,movie,2023,5.4,"A sheriff tries to keep the peace when a desperate family man violently robs a pill mill with his brother-in-law, alerting an enforcer for the New Orleans mafia.",https://yts.gg/torrent/download/B46715B11B76ED824FB7F8CCDA873F31D633E883,magnet:?xt=urn:btih:B46715B11B76ED824FB7F8CCDA873F31D633E883&dn=Mob%20Land%20%5B1080p%5D&tr=udp%3A//open.demonii.com%3A1337/announce&tr=udp%3A//tracker.openbittorrent.com%3A80&tr=udp%3A//tracker.coppersurfer.tk%3A6969&tr=udp%3A//glotorrents.pw%3A6969/announce&tr=udp%3A//tracker.opentrackr.org%3A1337/announce&tr=udp%3A//torrent.gresille.org%3A80/announce&tr=udp%3A//p4p.arenabg.com%3A1337&tr=udp%3A//tracker.leechers-paradise.org%3A6969,https://yts.gg/torrent/download/B50AC2135AF0756CE9CB71902B967D6690C7F027,magnet:?xt=urn:btih:B50AC2135AF0756CE9CB71902B967D6690C7F027&dn=Mob%20Land%20%5B720p%5D&tr=udp%3A//open.demonii.com%3A1337/announce&tr=udp%3A//tracker.openbittorrent.com%3A80&tr=udp%3A//tracker.coppersurfer.tk%3A6969&tr=udp%3A//glotorrents.pw%3A6969/announce&tr=udp%3A//tracker.opentrackr.org%3A1337/announce&tr=udp%3A//torrent.gresille.org%3A80/announce&tr=udp%3A//p4p.arenabg.com%3A1337&tr=udp%3A//tracker.leechers-paradise.org%3A6969,https://www.google.com/search?q=MobLand&stick=H4sIAAAAAAAAAONgVuLVT9c3NMwpNy0oT0qpBACUZUhkEQAAAA,https://yts.gg/assets/images/movies/mob_land_2023/large-cover.jpg
House of David,,,,,,,,,https://www.google.com/search?q=House+of+David&stick=H4sIAAAAAAAAAONgVuLVT9c3NMwpySszyEvPBQDDbIeCEQAAAA,
Jin-Roh: The Wolf Brigade,,,,,,,,,https://www.google.com/search?q=Jin-Roh:+The+Wolf+Brigade&stick=H4sIAAAAAAAAAONgVuLUz9U3MEkvNzYAALYWeVoNAAAA,
Memories,movie,2017,6.4,"While a son struggles with his father's Alzheimer's, a beautiful and mysterious caretaker heals family wounds before the past catches up with her.",https://yts.gg/torrent/download/D4617F82F8CD0EA2662A435D92C282DCFF28A30E,magnet:?xt=urn:btih:D4617F82F8CD0EA2662A435D92C282DCFF28A30E&dn=Broken%20Memories%20%5B1080p%5D&tr=udp%3A//open.demonii.com%3A1337/announce&tr=udp%3A//tracker.openbittorrent.com%3A80&tr=udp%3A//tracker.coppersurfer.tk%3A6969&tr=udp%3A//glotorrents.pw%3A6969/announce&tr=udp%3A//tracker.opentrackr.org%3A1337/announce&tr=udp%3A//torrent.gresille.org%3A80/announce&tr=udp%3A//p4p.arenabg.com%3A1337&tr=udp%3A//tracker.leechers-paradise.org%3A6969,https://yts.gg/torrent/download/67306F1493A37AD43CFE3CEFEB92C96B2F518564,magnet:?xt=urn:btih:67306F1493A37AD43CFE3CEFEB92C96B2F518564&dn=Broken%20Memories%20%5B720p%5D&tr=udp%3A//open.demonii.com%3A1337/announce&tr=udp%3A//tracker.openbittorrent.com%3A80&tr=udp%3A//tracker.coppersurfer.tk%3A6969&tr=udp%3A//glotorrents.pw%3A6969/announce&tr=udp%3A//tracker.opentrackr.org%3A1337/announce&tr=udp%3A//torrent.gresille.org%3A80/announce&tr=udp%3A//p4p.arenabg.com%3A1337&tr=udp%3A//tracker.leechers-paradise.org%3A6969,https://www.google.com/search?q=Memories&stick=H4sIAAAAAAAAAONgVuLUz9U3MEovLs8DADi99soNAAAA,https://yts.gg/assets/images/movies/broken_memories_2017/large-cover.jpg
The Dark Valley,movie,2021,7.6,A group of mothers discover that the Santa Susana Field Laboratory was the site of one of the largest nuclear accidents in United States history; and may have exposed their children and their community to cancer-causing hazardous waste.,https://yts.gg/torrent/download/515859ADA1104315A6542E3A49146EFEFB5D06DC,magnet:?xt=urn:btih:515859ADA1104315A6542E3A49146EFEFB5D06DC&dn=In%20the%20Dark%20of%20the%20Valley%20%5B1080p%5D&tr=udp%3A//open.demonii.com%3A1337/announce&tr=udp%3A//tracker.openbittorrent.com%3A80&tr=udp%3A//tracker.coppersurfer.tk%3A6969&tr=udp%3A//glotorrents.pw%3A6969/announce&tr=udp%3A//tracker.opentrackr.org%3A1337/announce&tr=udp%3A//torrent.gresille.org%3A80/announce&tr=udp%3A//p4p.arenabg.com%3A1337&tr=udp%3A//tracker.leechers-paradise.org%3A6969,https://yts.gg/torrent/download/7A5553EB4813CC989CE00C18152C34D12AD67612,magnet:?xt=urn:btih:7A5553EB4813CC989CE00C18152C34D12AD67612&dn=In%20the%20Dark%20of%20the%20Valley%20%5B720p%5D&tr=udp%3A//open.demonii.com%3A1337/announce&tr=udp%3A//tracker.openbittorrent.com%3A80&tr=udp%3A//tracker.coppersurfer.tk%3A6969&tr=udp%3A//glotorrents.pw%3A6969/announce&tr=udp%3A//tracker.opentrackr.org%3A1337/announce&tr=udp%3A//torrent.gresille.org%3A80/announce&tr=udp%3A//p4p.arenabg.com%3A1337&tr=udp%3A//tracker.leechers-paradise.org%3A6969,https://www.google.com/search?q=The+Dark+Valley&stick=H4sIAAAAAAAAAONgVuLWz9U3MDQwyskqSQMAqmbOJQ8AAAA,https://yts.gg/assets/images/movies/in_the_dark_of_the_valley_2021/large-cover.jpg
Red Rooms,movie,2019,3.6,"Held hostage in an isolated house, three kidnapped women attempt to escape from their sadistic captors.",https://yts.gg/torrent/download/AF2ECCD8660D6536445CCE66FAE0F0E01C1A268A,magnet:?xt=urn:btih:AF2ECCD8660D6536445CCE66FAE0F0E01C1A268A&dn=Red%20Room%20%5B1080p%5D&tr=udp%3A//open.demonii.com%3A1337/announce&tr=udp%3A//tracker.openbittorrent.com%3A80&tr=udp%3A//tracker.coppersurfer.tk%3A6969&tr=udp%3A//glotorrents.pw%3A6969/announce&tr=udp%3A//tracker.opentrackr.org%3A1337/announce&tr=udp%3A//torrent.gresille.org%3A80/announce&tr=udp%3A//p4p.arenabg.com%3A1337&tr=udp%3A//tracker.leechers-paradise.org%3A6969,https://yts.gg/torrent/download/E04C1E9BDC2118A5B17321ED26F316D3694A0EDD,magnet:?xt=urn:btih:E04C1E9BDC2118A5B17321ED26F316D3694A0EDD&dn=Red%20Room%20%5B720p%5D&tr=udp%3A//open.demonii.com%3A1337/announce&tr=udp%3A//tracker.openbittorrent.com%3A80&tr=udp%3A//tracker.coppersurfer.tk%3A6969&tr=udp%3A//glotorrents.pw%3A6969/announce&tr=udp%3A//tracker.opentrackr.org%3A1337/announce&tr=udp%3A//torrent.gresille.org%3A80/announce&tr=udp%3A//p4p.arenabg.com%3A1337&tr=udp%3A//tracker.leechers-paradise.org%3A6969,https://www.google.com/search?q=Red+Rooms&stick=H4sIAAAAAAAAAONgVuLVT9c3NCzJKjAzSjMtAgB8MYjaEQAAAA,https://yts.gg/assets/images/movies/red_room_2017/large-cover.jpg
Cell 211,,,,,,,,,https://www.google.com/search?q=Cell+211&stick=H4sIAAAAAAAAAONgVuLSz9U3SDI3Sc4rBwAkjziEDgAAAA,
Por Thozhil,,,,,,,,,https://www.google.com/search?q=Por+Thozhil&stick=H4sIAAAAAAAAAONgVuLVT9c3NCypNEtPSS8xBwA3SbxQEQAAAA,
Dark Waters,movie,2019,7.6,A corporate defense attorney takes on an environmental lawsuit against a chemical company that exposes a lengthy history of pollution.,https://yts.gg/torrent/download/6696F86D779C77329C491466CDE7F988C5EA70C8,magnet:?xt=urn:btih:6696F86D779C77329C491466CDE7F988C5EA70C8&dn=Dark%20Waters%20%5B1080p%5D&tr=udp%3A//open.demonii.com%3A1337/announce&tr=udp%3A//tracker.openbittorrent.com%3A80&tr=udp%3A//tracker.coppersurfer.tk%3A6969&tr=udp%3A//glotorrents.pw%3A6969/announce&tr=udp%3A//tracker.opentrackr.org%3A1337/announce&tr=udp%3A//torrent.gresille.org%3A80/announce&tr=udp%3A//p4p.arenabg.com%3A1337&tr=udp%3A//tracker.leechers-paradise.org%3A6969,https://yts.gg/torrent/download/195B516F232F77C18B0FEC134A09E317E910ECFE,magnet:?xt=urn:btih:195B516F232F77C18B0FEC134A09E317E910ECFE&dn=Dark%20Waters%20%5B720p%5D&tr=udp%3A//open.demonii.com%3A1337/announce&tr=udp%3A//tracker.openbittorrent.com%3A80&tr=udp%3A//tracker.coppersurfer.tk%3A6969&tr=udp%3A//glotorrents.pw%3A6969/announce&tr=udp%3A//tracker.opentrackr.org%3A1337/announce&tr=udp%3A//torrent.gresille.org%3A80/announce&tr=udp%3A//p4p.arenabg.com%3A1337&tr=udp%3A//tracker.leechers-paradise.org%3A6969,https://www.google.com/search?q=Dark+Waters&stick=H4sIAAAAAAAAAONgVuLVT9c3NMwwNqq0qCrOAQATsk_5EQAAAA,https://yts.gg/assets/images/movies/dark_waters_2019/large-cover.jpg
Iratta,,,,,,,,,https://www.google.com/search?q=Iratta&stick=H4sIAAAAAAAAAONgVuLVT9c3NCwpqsqqzDY0AQC3j99tEQAAAA,
Nosferatu,movie,2024,7.1,"A gothic tale of obsession between a haunted young woman and the terrifying vampire infatuated with her, causing untold horror in its wake.",https://yts.gg/torrent/download/383C41E4E9E299F486253524D2C5A2A2061FA65F,magnet:?xt=urn:btih:383C41E4E9E299F486253524D2C5A2A2061FA65F&dn=Nosferatu%20%5B1080p%5D&tr=udp%3A//open.demonii.com%3A1337/announce&tr=udp%3A//tracker.openbittorrent.com%3A80&tr=udp%3A//tracker.coppersurfer.tk%3A6969&tr=udp%3A//glotorrents.pw%3A6969/announce&tr=udp%3A//tracker.opentrackr.org%3A1337/announce&tr=udp%3A//torrent.gresille.org%3A80/announce&tr=udp%3A//p4p.arenabg.com%3A1337&tr=udp%3A//tracker.leechers-paradise.org%3A6969,https://yts.gg/torrent/download/048C143095089602F3D4BEF3364E71AE3E8435E6,magnet:?xt=urn:btih:048C143095089602F3D4BEF3364E71AE3E8435E6&dn=Nosferatu%20%5B720p%5D&tr=udp%3A//open.demonii.com%3A1337/announce&tr=udp%3A//tracker.openbittorrent.com%3A80&tr=udp%3A//tracker.coppersurfer.tk%3A6969&tr=udp%3A//glotorrents.pw%3A6969/announce&tr=udp%3A//tracker.opentrackr.org%3A1337/announce&tr=udp%3A//torrent.gresille.org%3A80/announce&tr=udp%3A//p4p.arenabg.com%3A1337&tr=udp%3A//tracker.leechers-paradise.org%3A6969,https://www.google.com/search?q=Nosferatu&stick=H4sIAAAAAAAAAONgVuLVT9c3NMwyy0vKMkwpBwCkHAMXEQAAAA,https://yts.gg/assets/images/movies/nosferatu_2024/large-cover.jpg
Paprika,movie,1991,5.5,"A young country girl comes to town and works in a brothel in order to help her fiance get the money to start his own business. ""Paprika"" is the name given to her by the madam.",https://yts.gg/torrent/download/343D972FD02B5F1ED306EF0F16DB111E87B0BD09,magnet:?xt=urn:btih:343D972FD02B5F1ED306EF0F16DB111E87B0BD09&dn=Paprika%20%5B1080p%5D&tr=udp%3A//open.demonii.com%3A1337/announce&tr=udp%3A//tracker.openbittorrent.com%3A80&tr=udp%3A//tracker.coppersurfer.tk%3A6969&tr=udp%3A//glotorrents.pw%3A6969/announce&tr=udp%3A//tracker.opentrackr.org%3A1337/announce&tr=udp%3A//torrent.gresille.org%3A80/announce&tr=udp%3A//p4p.arenabg.com%3A1337&tr=udp%3A//tracker.leechers-paradise.org%3A6969,https://yts.gg/torrent/download/2B7C2D887F92850F6D6386AE8ED215BB14A1D35F,magnet:?xt=urn:btih:2B7C2D887F92850F6D6386AE8ED215BB14A1D35F&dn=Paprika%20%5B720p%5D&tr=udp%3A//open.demonii.com%3A1337/announce&tr=udp%3A//tracker.openbittorrent.com%3A80&tr=udp%3A//tracker.coppersurfer.tk%3A6969&tr=udp%3A//glotorrents.pw%3A6969/announce&tr=udp%3A//tracker.opentrackr.org%3A1337/announce&tr=udp%3A//torrent.gresille.org%3A80/announce&tr=udp%3A//p4p.arenabg.com%3A1337&tr=udp%3A//tracker.leechers-paradise.org%3A6969,https://www.google.com/search?q=Paprika&stick=H4sIAAAAAAAAAONgVuLUz9U3sMipiM8CAMqnIgENAAAA,https://yts.gg/assets/images/movies/paprika_1991/large-cover.jpg
The Day of the Jackal,movie,1973,7.8,"In the aftermath of France allowing Algeria's independence, a group of resentful military veterans hire a professional assassin codenamed ""Jackal"" to kill President Charles de Gaulle.",https://yts.gg/torrent/download/53D4773DFC04614336996BB50059789B487DF819,magnet:?xt=urn:btih:53D4773DFC04614336996BB50059789B487DF819&dn=The%20Day%20of%20the%20Jackal%20%5B1080p%5D&tr=udp%3A//open.demonii.com%3A1337/announce&tr=udp%3A//tracker.openbittorrent.com%3A80&tr=udp%3A//tracker.coppersurfer.tk%3A6969&tr=udp%3A//glotorrents.pw%3A6969/announce&tr=udp%3A//tracker.opentrackr.org%3A1337/announce&tr=udp%3A//torrent.gresille.org%3A80/announce&tr=udp%3A//p4p.arenabg.com%3A1337&tr=udp%3A//tracker.leechers-paradise.org%3A6969,https://yts.gg/torrent/download/81A77D378CBBEA25F89B8203708136A72E84174A,magnet:?xt=urn:btih:81A77D378CBBEA25F89B8203708136A72E84174A&dn=The%20Day%20of%20the%20Jackal%20%5B720p%5D&tr=udp%3A//open.demonii.com%3A1337/announce&tr=udp%3A//tracker.openbittorrent.com%3A80&tr=udp%3A//tracker.coppersurfer.tk%3A6969&tr=udp%3A//glotorrents.pw%3A6969/announce&tr=udp%3A//tracker.opentrackr.org%3A1337/announce&tr=udp%3A//torrent.gresille.org%3A80/announce&tr=udp%3A//p4p.arenabg.com%3A1337&tr=udp%3A//tracker.leechers-paradise.org%3A6969,https://www.google.com/search?q=The+Day+of+the+Jackal&stick=H4sIAAAAAAAAAONgVuLVT9c3NCzLSClISTOwAAD5xt5FEQAAAA,https://yts.gg/assets/images/movies/the_day_of_the_jackal_1973/large-cover.jpg
Operation Finale,movie,2018,6.6,A team of secret agents sets out to track down the Nazi officer who masterminded the Holocaust.,https://yts.gg/torrent/download/6AD9298BACFF3CA26483141FA52123C04F21845C,magnet:?xt=urn:btih:6AD9298BACFF3CA26483141FA52123C04F21845C&dn=Operation%20Finale%20%5B1080p%5D&tr=udp%3A//open.demonii.com%3A1337/announce&tr=udp%3A//tracker.openbittorrent.com%3A80&tr=udp%3A//tracker.coppersurfer.tk%3A6969&tr=udp%3A//glotorrents.pw%3A6969/announce&tr=udp%3A//tracker.opentrackr.org%3A1337/announce&tr=udp%3A//torrent.gresille.org%3A80/announce&tr=udp%3A//p4p.arenabg.com%3A1337&tr=udp%3A//tracker.leechers-paradise.org%3A6969,https://yts.gg/torrent/download/6506FC87053054AFAECE017F45AAB71C156F64A2,magnet:?xt=urn:btih:6506FC87053054AFAECE017F45AAB71C156F64A2&dn=Operation%20Finale%20%5B720p%5D&tr=udp%3A//open.demonii.com%3A1337/announce&tr=udp%3A//tracker.openbittorrent.com%3A80&tr=udp%3A//tracker.coppersurfer.tk%3A6969&tr=udp%3A//glotorrents.pw%3A6969/announce&tr=udp%3A//tracker.opentrackr.org%3A1337/announce&tr=udp%3A//torrent.gresille.org%3A80/announce&tr=udp%3A//p4p.arenabg.com%3A1337&tr=udp%3A//tracker.leechers-paradise.org%3A6969,https://www.google.com/search?q=Operation+Finale&stick=H4sIAAAAAAAAAONgVuLVT9c3NExPqkpKNiswBACj7o0KEQAAAA,https://yts.gg/assets/images/movies/operation_finale_2018/large-cover.jpg
Absolution,movie,2024,5.2,"An aging gangster attempts to reconnect with his children and rectify the mistakes in his past, but the criminal underworld won't loosen their grip willingly.",https://yts.gg/torrent/download/AE7B7AD5BA5D38097C4E1E15C5B4DF1CC1ED2322,magnet:?xt=urn:btih:AE7B7AD5BA5D38097C4E1E15C5B4DF1CC1ED2322&dn=Absolution%20%5B1080p%5D&tr=udp%3A//open.demonii.com%3A1337/announce&tr=udp%3A//tracker.openbittorrent.com%3A80&tr=udp%3A//tracker.coppersurfer.tk%3A6969&tr=udp%3A//glotorrents.pw%3A6969/announce&tr=udp%3A//tracker.opentrackr.org%3A1337/announce&tr=udp%3A//torrent.gresille.org%3A80/announce&tr=udp%3A//p4p.arenabg.com%3A1337&tr=udp%3A//tracker.leechers-paradise.org%3A6969,https://yts.gg/torrent/download/C9E032DEE742A98CC443F61A22125F6DF60CADEE,magnet:?xt=urn:btih:C9E032DEE742A98CC443F61A22125F6DF60CADEE&dn=Absolution%20%5B720p%5D&tr=udp%3A//open.demonii.com%3A1337/announce&tr=udp%3A//tracker.openbittorrent.com%3A80&tr=udp%3A//tracker.coppersurfer.tk%3A6969&tr=udp%3A//glotorrents.pw%3A6969/announce&tr=udp%3A//tracker.opentrackr.org%3A1337/announce&tr=udp%3A//torrent.gresille.org%3A80/announce&tr=udp%3A//p4p.arenabg.com%3A1337&tr=udp%3A//tracker.leechers-paradise.org%3A6969,https://www.google.com/search?q=Absolution&stick=H4sIAAAAAAAAAONgVuLVT9c3NCwxNC8oKyy0AAAcQ7cxEQAAAA,https://yts.gg/assets/images/movies/absolution_2024/large-cover.jpg
Dangerous Minds,movie,1995,6.5,"An ex-marine takes a teaching job at a tough urban school, using unconventional methods to reach disengaged students while battling a rigid administration indifferent to their survival.",https://yts.gg/torrent/download/B56D9ED4BFCE7C339A072BD2380ED3F197BDBF7F,magnet:?xt=urn:btih:B56D9ED4BFCE7C339A072BD2380ED3F197BDBF7F&dn=Dangerous%20Minds%20%5B1080p%5D&tr=udp%3A//open.demonii.com%3A1337/announce&tr=udp%3A//tracker.openbittorrent.com%3A80&tr=udp%3A//tracker.coppersurfer.tk%3A6969&tr=udp%3A//glotorrents.pw%3A6969/announce&tr=udp%3A//tracker.opentrackr.org%3A1337/announce&tr=udp%3A//torrent.gresille.org%3A80/announce&tr=udp%3A//p4p.arenabg.com%3A1337&tr=udp%3A//tracker.leechers-paradise.org%3A6969,https://yts.gg/torrent/download/46CE0029A1F2395ACBD7202AF20C542753207AEC,magnet:?xt=urn:btih:46CE0029A1F2395ACBD7202AF20C542753207AEC&dn=Dangerous%20Minds%20%5B720p%5D&tr=udp%3A//open.demonii.com%3A1337/announce&tr=udp%3A//tracker.openbittorrent.com%3A80&tr=udp%3A//tracker.coppersurfer.tk%3A6969&tr=udp%3A//glotorrents.pw%3A6969/announce&tr=udp%3A//tracker.opentrackr.org%3A1337/announce&tr=udp%3A//torrent.gresille.org%3A80/announce&tr=udp%3A//p4p.arenabg.com%3A1337&tr=udp%3A//tracker.leechers-paradise.org%3A6969,https://www.google.com/search?q=Dangerous+Minds&stick=H4sIAAAAAAAAAONgVuLUz9U3MDXJtqgCABu0YN4NAAAA,https://yts.gg/assets/images/movies/dangerous_minds_1995/large-cover.jpg
When Evil Lurks,,,,,,,,,https://www.google.com/search?q=When+Evil+Lurks&stick=H4sIAAAAAAAAAONgVuLVT9c3NCwzKy4wzjI2AwCL1rK7EQAAAA,
The Glory,movie,1965,6.1,What could be worse for two cavalry officers than to battle with native tribes? To battle each other for the same woman.,https://yts.gg/torrent/download/D5D06FAF47A3BF4C47863BDB1F8C30C037CC5D51,magnet:?xt=urn:btih:D5D06FAF47A3BF4C47863BDB1F8C30C037CC5D51&dn=The%20Glory%20Guys%20%5B720p%5D&tr=udp%3A//open.demonii.com%3A1337/announce&tr=udp%3A//tracker.openbittorrent.com%3A80&tr=udp%3A//tracker.coppersurfer.tk%3A6969&tr=udp%3A//glotorrents.pw%3A6969/announce&tr=udp%3A//tracker.opentrackr.org%3A1337/announce&tr=udp%3A//torrent.gresille.org%3A80/announce&tr=udp%3A//p4p.arenabg.com%3A1337&tr=udp%3A//tracker.leechers-paradise.org%3A6969,https://yts.gg/torrent/download/D5D06FAF47A3BF4C47863BDB1F8C30C037CC5D51,magnet:?xt=urn:btih:D5D06FAF47A3BF4C47863BDB1F8C30C037CC5D51&dn=The%20Glory%20Guys%20%5B720p%5D&tr=udp%3A//open.demonii.com%3A1337/announce&tr=udp%3A//tracker.openbittorrent.com%3A80&tr=udp%3A//tracker.coppersurfer.tk%3A6969&tr=udp%3A//glotorrents.pw%3A6969/announce&tr=udp%3A//tracker.opentrackr.org%3A1337/announce&tr=udp%3A//torrent.gresille.org%3A80/announce&tr=udp%3A//p4p.arenabg.com%3A1337&tr=udp%3A//tracker.leechers-paradise.org%3A6969,https://www.google.com/search?q=The+Glory&stick=H4sIAAAAAAAAAONgVuLVT9c3NCw2NUkyMYgvAQCMq6FnEQAAAA,https://yts.gg/assets/images/movies/the_glory_guys_1965/large-cover.jpg
Hillbilly Elegy,movie,2020,6.7,"An urgent phone call pulls a Yale Law student back to his Ohio hometown, where he reflects on three generations of family history and his own future.",https://yts.gg/torrent/download/734DC4955844081D13ED58ED3E651A37E099EA3F,magnet:?xt=urn:btih:734DC4955844081D13ED58ED3E651A37E099EA3F&dn=Hillbilly%20Elegy%20%5B1080p%5D&tr=udp%3A//open.demonii.com%3A1337/announce&tr=udp%3A//tracker.openbittorrent.com%3A80&tr=udp%3A//tracker.coppersurfer.tk%3A6969&tr=udp%3A//glotorrents.pw%3A6969/announce&tr=udp%3A//tracker.opentrackr.org%3A1337/announce&tr=udp%3A//torrent.gresille.org%3A80/announce&tr=udp%3A//p4p.arenabg.com%3A1337&tr=udp%3A//tracker.leechers-paradise.org%3A6969,https://yts.gg/torrent/download/6234F6272B3A2D739F365F1D2E729D91E6BAA29E,magnet:?xt=urn:btih:6234F6272B3A2D739F365F1D2E729D91E6BAA29E&dn=Hillbilly%20Elegy%20%5B720p%5D&tr=udp%3A//open.demonii.com%3A1337/announce&tr=udp%3A//tracker.openbittorrent.com%3A80&tr=udp%3A//tracker.coppersurfer.tk%3A6969&tr=udp%3A//glotorrents.pw%3A6969/announce&tr=udp%3A//tracker.opentrackr.org%3A1337/announce&tr=udp%3A//torrent.gresille.org%3A80/announce&tr=udp%3A//p4p.arenabg.com%3A1337&tr=udp%3A//tracker.leechers-paradise.org%3A6969,https://www.google.com/search?q=Hillbilly+Elegy&stick=H4sIAAAAAAAAAONgVuLVT9c3NMwwLktPL6-IBwDw58R1EQAAAA,https://yts.gg/assets/images/movies/hillbilly_elegy_2020/large-cover.jpg
Drag Me to Hell,movie,2009,6.6,An ambitious loan officer must find a way to shatter a curse that threatens her soul with damnation.,https://yts.gg/torrent/download/63C475E5D21B15933C714B42C08E5AD4831B4E58,magnet:?xt=urn:btih:63C475E5D21B15933C714B42C08E5AD4831B4E58&dn=Drag%20Me%20to%20Hell%20%5B1080p%5D&tr=udp%3A//open.demonii.com%3A1337/announce&tr=udp%3A//tracker.openbittorrent.com%3A80&tr=udp%3A//tracker.coppersurfer.tk%3A6969&tr=udp%3A//glotorrents.pw%3A6969/announce&tr=udp%3A//tracker.opentrackr.org%3A1337/announce&tr=udp%3A//torrent.gresille.org%3A80/announce&tr=udp%3A//p4p.arenabg.com%3A1337&tr=udp%3A//tracker.leechers-paradise.org%3A6969,https://yts.gg/torrent/download/B728E0EEE5C44E1AFD2440D48C52859DC8357BE1,magnet:?xt=urn:btih:B728E0EEE5C44E1AFD2440D48C52859DC8357BE1&dn=Drag%20Me%20to%20Hell%20%5B720p%5D&tr=udp%3A//open.demonii.com%3A1337/announce&tr=udp%3A//tracker.openbittorrent.com%3A80&tr=udp%3A//tracker.coppersurfer.tk%3A6969&tr=udp%3A//glotorrents.pw%3A6969/announce&tr=udp%3A//tracker.opentrackr.org%3A1337/announce&tr=udp%3A//torrent.gresille.org%3A80/announce&tr=udp%3A//p4p.arenabg.com%3A1337&tr=udp%3A//tracker.leechers-paradise.org%3A6969,https://www.google.com/search?q=Drag+Me+to+Hell&stick=H4sIAAAAAAAAAONgVuLSz9U3MKmqSi82BABd953iDgAAAA,https://yts.gg/assets/images/movies/Drag_Me_to_Hell_2009/large-cover.jpg
Company,movie,2002,7.9,"A small-time gangster named Chandu teams up with Malik, a low-level enforcer for a criminal syndicate. Together they eliminate all their enemies, becoming the most feared gangsters in Mumbai.",https://yts.gg/torrent/download/BC0F04AD31F15574451A723C6A86DE08AD641E04,magnet:?xt=urn:btih:BC0F04AD31F15574451A723C6A86DE08AD641E04&dn=Company%20%5B1080p%5D&tr=udp%3A//open.demonii.com%3A1337/announce&tr=udp%3A//tracker.openbittorrent.com%3A80&tr=udp%3A//tracker.coppersurfer.tk%3A6969&tr=udp%3A//glotorrents.pw%3A6969/announce&tr=udp%3A//tracker.opentrackr.org%3A1337/announce&tr=udp%3A//torrent.gresille.org%3A80/announce&tr=udp%3A//p4p.arenabg.com%3A1337&tr=udp%3A//tracker.leechers-paradise.org%3A6969,https://yts.gg/torrent/download/5ADD1C6892A5E939616C2FC8063280D5F8C2694C,magnet:?xt=urn:btih:5ADD1C6892A5E939616C2FC8063280D5F8C2694C&dn=Company%20%5B720p%5D&tr=udp%3A//open.demonii.com%3A1337/announce&tr=udp%3A//tracker.openbittorrent.com%3A80&tr=udp%3A//tracker.coppersurfer.tk%3A6969&tr=udp%3A//glotorrents.pw%3A6969/announce&tr=udp%3A//tracker.opentrackr.org%3A1337/announce&tr=udp%3A//torrent.gresille.org%3A80/announce&tr=udp%3A//p4p.arenabg.com%3A1337&tr=udp%3A//tracker.leechers-paradise.org%3A6969,https://www.google.com/search?q=Company&stick=H4sIAAAAAAAAAONgVuLUz9U3MC1MS0kDAFDBfXgNAAAA,https://yts.gg/assets/images/movies/company_2002/large-cover.jpg
All of You,movie,2024,6.3,A stirring near-futuristic romance of two best friends who harbor an unspoken love for one another even after a test matches one of them up with their supposed soulmate.,https://yts.gg/torrent/download/B78864898550B1F2DC57F548F9C692CC92BF1A76,magnet:?xt=urn:btih:B78864898550B1F2DC57F548F9C692CC92BF1A76&dn=All%20of%20You%20%5B1080p%5D&tr=udp%3A//open.demonii.com%3A1337/announce&tr=udp%3A//tracker.openbittorrent.com%3A80&tr=udp%3A//tracker.coppersurfer.tk%3A6969&tr=udp%3A//glotorrents.pw%3A6969/announce&tr=udp%3A//tracker.opentrackr.org%3A1337/announce&tr=udp%3A//torrent.gresille.org%3A80/announce&tr=udp%3A//p4p.arenabg.com%3A1337&tr=udp%3A//tracker.leechers-paradise.org%3A6969,https://yts.gg/torrent/download/7296FE34945D729C76105E1C553317008A44DACC,magnet:?xt=urn:btih:7296FE34945D729C76105E1C553317008A44DACC&dn=All%20of%20You%20%5B720p%5D&tr=udp%3A//open.demonii.com%3A1337/announce&tr=udp%3A//tracker.openbittorrent.com%3A80&tr=udp%3A//tracker.coppersurfer.tk%3A6969&tr=udp%3A//glotorrents.pw%3A6969/announce&tr=udp%3A//tracker.opentrackr.org%3A1337/announce&tr=udp%3A//torrent.gresille.org%3A80/announce&tr=udp%3A//p4p.arenabg.com%3A1337&tr=udp%3A//tracker.leechers-paradise.org%3A6969,https://www.google.com/search?q=All+of+You&stick=H4sIAAAAAAAAAONgVuLVT9c3NCw3z7PMMaooBgDxtT7fEQAAAA,https://yts.gg/assets/images/movies/all_of_you_2024/large-cover.jpg
The Penguin,movie,2024,3.3,"When a beloved talking penguin named Roi is kidnapped by a couple of criminals, his home country is thrown into a tailspin. The most trusted knight in the land and his young son must join forces to rescue their fine feathered friend",https://yts.gg/torrent/download/AFE21FDE0BD59E53EB36F8AD433613FFFFC31CC5,magnet:?xt=urn:btih:AFE21FDE0BD59E53EB36F8AD433613FFFFC31CC5&dn=The%20Magic%20Penguin%20%5B1080p%5D&tr=udp%3A//open.demonii.com%3A1337/announce&tr=udp%3A//tracker.openbittorrent.com%3A80&tr=udp%3A//tracker.coppersurfer.tk%3A6969&tr=udp%3A//glotorrents.pw%3A6969/announce&tr=udp%3A//tracker.opentrackr.org%3A1337/announce&tr=udp%3A//torrent.gresille.org%3A80/announce&tr=udp%3A//p4p.arenabg.com%3A1337&tr=udp%3A//tracker.leechers-paradise.org%3A6969,https://yts.gg/torrent/download/666E9DBEFF3D57D6E8085C31BC348BE98C8E145D,magnet:?xt=urn:btih:666E9DBEFF3D57D6E8085C31BC348BE98C8E145D&dn=The%20Magic%20Penguin%20%5B720p%5D&tr=udp%3A//open.demonii.com%3A1337/announce&tr=udp%3A//tracker.openbittorrent.com%3A80&tr=udp%3A//tracker.coppersurfer.tk%3A6969&tr=udp%3A//glotorrents.pw%3A6969/announce&tr=udp%3A//tracker.opentrackr.org%3A1337/announce&tr=udp%3A//torrent.gresille.org%3A80/announce&tr=udp%3A//p4p.arenabg.com%3A1337&tr=udp%3A//tracker.leechers-paradise.org%3A6969,https://www.google.com/search?q=The+Penguin&stick=H4sIAAAAAAAAAONgVuLVT9c3NCwxtEgyKCrPBQBujqMrEQAAAA,https://yts.gg/assets/images/movies/the_magic_penguin_2024/large-cover.jpg
Special 26,,,,"Special 26 is a 2013 Indian Hindi-language heist thriller film written and directed by Neeraj Pandey. Based on the 1987 Opera House heist, the plot follows a team of criminals, who pose as CBI officers and conduct raids, robbing politicians and businessmen of their black money. With the real CBI on their trail, they decide to pull off their biggest heist yet. The film also stars Jimmy Sheirgill, Kajal Aggarwal, Rajesh Sharma, Divya Dutta and Kishor Kadam.",,,,,https://www.google.com/search?q=Special+26&stick=H4sIAAAAAAAAAONgVuLSz9U3yDIxKq5KBgAdiPIiDgAAAA,
RV,movie,2006,5.6,"Bob Munro and his dysfunctional family rent an RV for a road trip to the Colorado Rockies, where they must ultimately contend with a bizarre community of campers.",https://yts.gg/torrent/download/1775AD1C8D347D93A79453BF4C72800CCE052854,magnet:?xt=urn:btih:1775AD1C8D347D93A79453BF4C72800CCE052854&dn=RV%20%5B1080p%5D&tr=udp%3A//open.demonii.com%3A1337/announce&tr=udp%3A//tracker.openbittorrent.com%3A80&tr=udp%3A//tracker.coppersurfer.tk%3A6969&tr=udp%3A//glotorrents.pw%3A6969/announce&tr=udp%3A//tracker.opentrackr.org%3A1337/announce&tr=udp%3A//torrent.gresille.org%3A80/announce&tr=udp%3A//p4p.arenabg.com%3A1337&tr=udp%3A//tracker.leechers-paradise.org%3A6969,https://yts.gg/torrent/download/3442DACB449D51D60E7572BCDCABCEC1D583228B,magnet:?xt=urn:btih:3442DACB449D51D60E7572BCDCABCEC1D583228B&dn=RV%20%5B720p%5D&tr=udp%3A//open.demonii.com%3A1337/announce&tr=udp%3A//tracker.openbittorrent.com%3A80&tr=udp%3A//tracker.coppersurfer.tk%3A6969&tr=udp%3A//glotorrents.pw%3A6969/announce&tr=udp%3A//tracker.opentrackr.org%3A1337/announce&tr=udp%3A//torrent.gresille.org%3A80/announce&tr=udp%3A//p4p.arenabg.com%3A1337&tr=udp%3A//tracker.leechers-paradise.org%3A6969,https://www.google.com/search?q=RV&stick=H4sIAAAAAAAAAONgVuLUz9U3SEoujk8DADzDAS4NAAAA,https://yts.gg/assets/images/movies/RV_2006/large-cover.jpg
Apostle,movie,2018,6.3,"In 1905, a drifter on a dangerous mission to rescue his kidnapped sister tangles with a sinister religious cult on an isolated island.",https://yts.gg/torrent/download/C91513544059EAB238911D66F100DB207480D1CB,magnet:?xt=urn:btih:C91513544059EAB238911D66F100DB207480D1CB&dn=Apostle%20%5B1080p%5D&tr=udp%3A//open.demonii.com%3A1337/announce&tr=udp%3A//tracker.openbittorrent.com%3A80&tr=udp%3A//tracker.coppersurfer.tk%3A6969&tr=udp%3A//glotorrents.pw%3A6969/announce&tr=udp%3A//tracker.opentrackr.org%3A1337/announce&tr=udp%3A//torrent.gresille.org%3A80/announce&tr=udp%3A//p4p.arenabg.com%3A1337&tr=udp%3A//tracker.leechers-paradise.org%3A6969,https://yts.gg/torrent/download/7C390657C4A21C52EE75C108071FD1DEE70E1DE6,magnet:?xt=urn:btih:7C390657C4A21C52EE75C108071FD1DEE70E1DE6&dn=Apostle%20%5B720p%5D&tr=udp%3A//open.demonii.com%3A1337/announce&tr=udp%3A//tracker.openbittorrent.com%3A80&tr=udp%3A//tracker.coppersurfer.tk%3A6969&tr=udp%3A//glotorrents.pw%3A6969/announce&tr=udp%3A//tracker.opentrackr.org%3A1337/announce&tr=udp%3A//torrent.gresille.org%3A80/announce&tr=udp%3A//p4p.arenabg.com%3A1337&tr=udp%3A//tracker.leechers-paradise.org%3A6969,https://www.google.com/search?q=Apostle&stick=H4sIAAAAAAAAAONgVuLVT9c3NEw2N0yJjy_IAwCV0toTEQAAAA,https://yts.gg/assets/images/movies/apostle_2018/large-cover.jpg
Luck,movie,1921,6.9,Strange things ensue after a young man attempts to take his own life.,https://yts.gg/torrent/download/1DC82387F5AA36B6F04F17D76296CE685B38E5A2,magnet:?xt=urn:btih:1DC82387F5AA36B6F04F17D76296CE685B38E5A2&dn=Hard%20Luck%20%5B1080p%5D&tr=udp%3A//open.demonii.com%3A1337/announce&tr=udp%3A//tracker.openbittorrent.com%3A80&tr=udp%3A//tracker.coppersurfer.tk%3A6969&tr=udp%3A//glotorrents.pw%3A6969/announce&tr=udp%3A//tracker.opentrackr.org%3A1337/announce&tr=udp%3A//torrent.gresille.org%3A80/announce&tr=udp%3A//p4p.arenabg.com%3A1337&tr=udp%3A//tracker.leechers-paradise.org%3A6969,https://yts.gg/torrent/download/E2DE3DACE78FE0D3085261F453259676445C248B,magnet:?xt=urn:btih:E2DE3DACE78FE0D3085261F453259676445C248B&dn=Hard%20Luck%20%5B720p%5D&tr=udp%3A//open.demonii.com%3A1337/announce&tr=udp%3A//tracker.openbittorrent.com%3A80&tr=udp%3A//tracker.coppersurfer.tk%3A6969&tr=udp%3A//glotorrents.pw%3A6969/announce&tr=udp%3A//tracker.opentrackr.org%3A1337/announce&tr=udp%3A//torrent.gresille.org%3A80/announce&tr=udp%3A//p4p.arenabg.com%3A1337&tr=udp%3A//tracker.leechers-paradise.org%3A6969,https://www.google.com/search?q=Luck&stick=H4sIAAAAAAAAAONgVuLVT9c3NMxKzjUzqohPAwDZnxkKEQAAAA,https://yts.gg/assets/images/movies/hard_luck_1921/large-cover.jpg
Unbreakable,movie,2000,7.3,A man learns something extraordinary about himself after a devastating accident.,https://yts.gg/torrent/download/EAAE0E19493C45EF637A863F07DFEAB10C318ABC,magnet:?xt=urn:btih:EAAE0E19493C45EF637A863F07DFEAB10C318ABC&dn=Unbreakable%20%5B1080p%5D&tr=udp%3A//open.demonii.com%3A1337/announce&tr=udp%3A//tracker.openbittorrent.com%3A80&tr=udp%3A//tracker.coppersurfer.tk%3A6969&tr=udp%3A//glotorrents.pw%3A6969/announce&tr=udp%3A//tracker.opentrackr.org%3A1337/announce&tr=udp%3A//torrent.gresille.org%3A80/announce&tr=udp%3A//p4p.arenabg.com%3A1337&tr=udp%3A//tracker.leechers-paradise.org%3A6969,https://yts.gg/torrent/download/F05DFC9DAEDD76C6198F4506DC178BB2924A5E1E,magnet:?xt=urn:btih:F05DFC9DAEDD76C6198F4506DC178BB2924A5E1E&dn=Unbreakable%20%5B720p%5D&tr=udp%3A//open.demonii.com%3A1337/announce&tr=udp%3A//tracker.openbittorrent.com%3A80&tr=udp%3A//tracker.coppersurfer.tk%3A6969&tr=udp%3A//glotorrents.pw%3A6969/announce&tr=udp%3A//tracker.opentrackr.org%3A1337/announce&tr=udp%3A//torrent.gresille.org%3A80/announce&tr=udp%3A//p4p.arenabg.com%3A1337&tr=udp%3A//tracker.leechers-paradise.org%3A6969,https://www.google.com/search?q=Unbreakable&stick=H4sIAAAAAAAAAONgVuLQz9U3MK8oygUAvgqzkAwAAAA,https://yts.gg/assets/images/movies/Unbreakable_2000/large-cover.jpg
The Drop,movie,2022,4.3,"In this cringe comedy, a married couple face a marriage test when one of them drops a baby during a tropical island wedding.",https://yts.gg/torrent/download/216CC8B3C61C8F7D3DFA8DFD09AE4CBF6E8FF5D8,magnet:?xt=urn:btih:216CC8B3C61C8F7D3DFA8DFD09AE4CBF6E8FF5D8&dn=The%20Drop%20%5B1080p%5D&tr=udp%3A//open.demonii.com%3A1337/announce&tr=udp%3A//tracker.openbittorrent.com%3A80&tr=udp%3A//tracker.coppersurfer.tk%3A6969&tr=udp%3A//glotorrents.pw%3A6969/announce&tr=udp%3A//tracker.opentrackr.org%3A1337/announce&tr=udp%3A//torrent.gresille.org%3A80/announce&tr=udp%3A//p4p.arenabg.com%3A1337&tr=udp%3A//tracker.leechers-paradise.org%3A6969,https://yts.gg/torrent/download/62B0E27EE9BD7BB8E792780E8F1A299975979C16,magnet:?xt=urn:btih:62B0E27EE9BD7BB8E792780E8F1A299975979C16&dn=The%20Drop%20%5B720p%5D&tr=udp%3A//open.demonii.com%3A1337/announce&tr=udp%3A//tracker.openbittorrent.com%3A80&tr=udp%3A//tracker.coppersurfer.tk%3A6969&tr=udp%3A//glotorrents.pw%3A6969/announce&tr=udp%3A//tracker.opentrackr.org%3A1337/announce&tr=udp%3A//torrent.gresille.org%3A80/announce&tr=udp%3A//p4p.arenabg.com%3A1337&tr=udp%3A//tracker.leechers-paradise.org%3A6969,https://www.google.com/search?q=The+Drop&stick=H4sIAAAAAAAAAONgVuLSz9U3KMnOMi03BgBqSgYFDgAAAA,https://yts.gg/assets/images/movies/the_drop_2022/large-cover.jpg
The Mustang,movie,2019,6.8,"While participating in a rehabilitation program training wild mustangs, a convict at first struggles to connect with the horses and his fellow inmates, but he learns to confront his violent past as he soothes an especially feisty horse.",https://yts.gg/torrent/download/6D436DA7DF67AF4E8B0F0B6B1E9D96BFDDC3D8C0,magnet:?xt=urn:btih:6D436DA7DF67AF4E8B0F0B6B1E9D96BFDDC3D8C0&dn=The%20Mustang%20%5B1080p%5D&tr=udp%3A//open.demonii.com%3A1337/announce&tr=udp%3A//tracker.openbittorrent.com%3A80&tr=udp%3A//tracker.coppersurfer.tk%3A6969&tr=udp%3A//glotorrents.pw%3A6969/announce&tr=udp%3A//tracker.opentrackr.org%3A1337/announce&tr=udp%3A//torrent.gresille.org%3A80/announce&tr=udp%3A//p4p.arenabg.com%3A1337&tr=udp%3A//tracker.leechers-paradise.org%3A6969,https://yts.gg/torrent/download/987821B006147BAF1FDA53F0DC25DCF6C5D356EB,magnet:?xt=urn:btih:987821B006147BAF1FDA53F0DC25DCF6C5D356EB&dn=The%20Mustang%20%5B720p%5D&tr=udp%3A//open.demonii.com%3A1337/announce&tr=udp%3A//tracker.openbittorrent.com%3A80&tr=udp%3A//tracker.coppersurfer.tk%3A6969&tr=udp%3A//glotorrents.pw%3A6969/announce&tr=udp%3A//tracker.opentrackr.org%3A1337/announce&tr=udp%3A//torrent.gresille.org%3A80/announce&tr=udp%3A//p4p.arenabg.com%3A1337&tr=udp%3A//tracker.leechers-paradise.org%3A6969,https://www.google.com/search?q=The+Mustang&stick=H4sIAAAAAAAAAONgVuLVT9c3NEzLMjayLMxOAQBXLt6GEQAAAA,https://yts.gg/assets/images/movies/the_mustang_2019/large-cover.jpg
Hostiles,movie,2017,7.2,"In 1892, a legendary Army Captain reluctantly agrees to escort a Cheyenne chief and his family through dangerous territory.",https://yts.gg/torrent/download/C2F091963DD5AB50C5ED00A6971782DEE6D48BF2,magnet:?xt=urn:btih:C2F091963DD5AB50C5ED00A6971782DEE6D48BF2&dn=Hostiles%20%5B1080p%5D&tr=udp%3A//open.demonii.com%3A1337/announce&tr=udp%3A//tracker.openbittorrent.com%3A80&tr=udp%3A//tracker.coppersurfer.tk%3A6969&tr=udp%3A//glotorrents.pw%3A6969/announce&tr=udp%3A//tracker.opentrackr.org%3A1337/announce&tr=udp%3A//torrent.gresille.org%3A80/announce&tr=udp%3A//p4p.arenabg.com%3A1337&tr=udp%3A//tracker.leechers-paradise.org%3A6969,https://yts.gg/torrent/download/70BC6A52D74C82F43EFE22E8932DAA4DF2E08ECF,magnet:?xt=urn:btih:70BC6A52D74C82F43EFE22E8932DAA4DF2E08ECF&dn=Hostiles%20%5B720p%5D&tr=udp%3A//open.demonii.com%3A1337/announce&tr=udp%3A//tracker.openbittorrent.com%3A80&tr=udp%3A//tracker.coppersurfer.tk%3A6969&tr=udp%3A//glotorrents.pw%3A6969/announce&tr=udp%3A//tracker.opentrackr.org%3A1337/announce&tr=udp%3A//torrent.gresille.org%3A80/announce&tr=udp%3A//p4p.arenabg.com%3A1337&tr=udp%3A//tracker.leechers-paradise.org%3A6969,https://www.google.com/search?q=Hostiles&stick=H4sIAAAAAAAAAONgVuLVT9c3NEw2sTQtMKowAgDS3EjZEQAAAA,https://yts.gg/assets/images/movies/hostiles_2017/large-cover.jpg
Tomorrowland,movie,2015,6.4,"Bound by a shared destiny, a teen bursting with scientific curiosity and a former boy-genius inventor embark on a mission to unearth the secrets of a place somewhere in time and space that exists in their collective memory.",https://yts.gg/torrent/download/32415815A0B4621400688F0BF2966D7FD3435D93,magnet:?xt=urn:btih:32415815A0B4621400688F0BF2966D7FD3435D93&dn=Tomorrowland%20%5B1080p%5D&tr=udp%3A//open.demonii.com%3A1337/announce&tr=udp%3A//tracker.openbittorrent.com%3A80&tr=udp%3A//tracker.coppersurfer.tk%3A6969&tr=udp%3A//glotorrents.pw%3A6969/announce&tr=udp%3A//tracker.opentrackr.org%3A1337/announce&tr=udp%3A//torrent.gresille.org%3A80/announce&tr=udp%3A//p4p.arenabg.com%3A1337&tr=udp%3A//tracker.leechers-paradise.org%3A6969,https://yts.gg/torrent/download/74BBAD611344209D74B544C6D27640FD32D19545,magnet:?xt=urn:btih:74BBAD611344209D74B544C6D27640FD32D19545&dn=Tomorrowland%20%5B720p%5D&tr=udp%3A//open.demonii.com%3A1337/announce&tr=udp%3A//tracker.openbittorrent.com%3A80&tr=udp%3A//tracker.coppersurfer.tk%3A6969&tr=udp%3A//glotorrents.pw%3A6969/announce&tr=udp%3A//tracker.opentrackr.org%3A1337/announce&tr=udp%3A//torrent.gresille.org%3A80/announce&tr=udp%3A//p4p.arenabg.com%3A1337&tr=udp%3A//tracker.leechers-paradise.org%3A6969,https://www.google.com/search?q=Tomorrowland&stick=H4sIAAAAAAAAAONgVuLSz9U3KEzLK0uvAgDDUCcVDgAAAA,https://yts.gg/assets/images/movies/tomorrowland_2015/large-cover.jpg
Deadwood,movie,2019,7.3,"As the residents of Deadwood gather to commemorate Dakota's statehood in 1889, saloon owner Al Swearengen and Marshal Seth Bullock clash with Senator George Hearst.",https://yts.gg/torrent/download/3A5721B3D22458156BAA9D7F126FD4AD0C7463FD,magnet:?xt=urn:btih:3A5721B3D22458156BAA9D7F126FD4AD0C7463FD&dn=Deadwood%20%5B1080p%5D&tr=udp%3A//open.demonii.com%3A1337/announce&tr=udp%3A//tracker.openbittorrent.com%3A80&tr=udp%3A//tracker.coppersurfer.tk%3A6969&tr=udp%3A//glotorrents.pw%3A6969/announce&tr=udp%3A//tracker.opentrackr.org%3A1337/announce&tr=udp%3A//torrent.gresille.org%3A80/announce&tr=udp%3A//p4p.arenabg.com%3A1337&tr=udp%3A//tracker.leechers-paradise.org%3A6969,https://yts.gg/torrent/download/A47F84583A0E45AA30D0CDF0DD4FE3DEBCFFE994,magnet:?xt=urn:btih:A47F84583A0E45AA30D0CDF0DD4FE3DEBCFFE994&dn=Deadwood%20%5B720p%5D&tr=udp%3A//open.demonii.com%3A1337/announce&tr=udp%3A//tracker.openbittorrent.com%3A80&tr=udp%3A//tracker.coppersurfer.tk%3A6969&tr=udp%3A//glotorrents.pw%3A6969/announce&tr=udp%3A//tracker.opentrackr.org%3A1337/announce&tr=udp%3A//torrent.gresille.org%3A80/announce&tr=udp%3A//p4p.arenabg.com%3A1337&tr=udp%3A//tracker.leechers-paradise.org%3A6969,https://www.google.com/search?q=Deadwood&stick=H4sIAAAAAAAAAONgVuLUz9U3MLZMNjIDAO8t3CgNAAAA,https://yts.gg/assets/images/movies/deadwood_the_movie_2019/large-cover.jpg
Free Birds,movie,2013,5.8,"A pair of turkeys discover a time machine and decide to use it to travel to the first Thanksgiving, to take turkeys off the menu forever.",https://yts.gg/torrent/download/2E43BBA32BE6BB4A4C3168766E5100BAE97C63AC,magnet:?xt=urn:btih:2E43BBA32BE6BB4A4C3168766E5100BAE97C63AC&dn=Free%20Birds%20%5B1080p%5D&tr=udp%3A//open.demonii.com%3A1337/announce&tr=udp%3A//tracker.openbittorrent.com%3A80&tr=udp%3A//tracker.coppersurfer.tk%3A6969&tr=udp%3A//glotorrents.pw%3A6969/announce&tr=udp%3A//tracker.opentrackr.org%3A1337/announce&tr=udp%3A//torrent.gresille.org%3A80/announce&tr=udp%3A//p4p.arenabg.com%3A1337&tr=udp%3A//tracker.leechers-paradise.org%3A6969,https://yts.gg/torrent/download/4D471B276D4C788C2E32B0719947891F64CB813B,magnet:?xt=urn:btih:4D471B276D4C788C2E32B0719947891F64CB813B&dn=Free%20Birds%20%5B720p%5D&tr=udp%3A//open.demonii.com%3A1337/announce&tr=udp%3A//tracker.openbittorrent.com%3A80&tr=udp%3A//tracker.coppersurfer.tk%3A6969&tr=udp%3A//glotorrents.pw%3A6969/announce&tr=udp%3A//tracker.opentrackr.org%3A1337/announce&tr=udp%3A//torrent.gresille.org%3A80/announce&tr=udp%3A//p4p.arenabg.com%3A1337&tr=udp%3A//tracker.leechers-paradise.org%3A6969,https://www.google.com/search?q=Free+Birds&stick=H4sIAAAAAAAAAONgVuLSz9U3yDAoKzA2BwBEnzfBDgAAAA,https://yts.gg/assets/images/movies/Free_Birds_2013/large-cover.jpg
Crimson Tide,movie,1995,7.4,"On a U.S. nuclear missile sub, a young First Officer stages a mutiny to prevent his trigger-happy Captain from launching his missiles before confirming his orders to do so.",https://yts.gg/torrent/download/F57FDB6A1EAFC0D28B12DD91AF91500B0F929987,magnet:?xt=urn:btih:F57FDB6A1EAFC0D28B12DD91AF91500B0F929987&dn=Crimson%20Tide%20%5B1080p%5D&tr=udp%3A//open.demonii.com%3A1337/announce&tr=udp%3A//tracker.openbittorrent.com%3A80&tr=udp%3A//tracker.coppersurfer.tk%3A6969&tr=udp%3A//glotorrents.pw%3A6969/announce&tr=udp%3A//tracker.opentrackr.org%3A1337/announce&tr=udp%3A//torrent.gresille.org%3A80/announce&tr=udp%3A//p4p.arenabg.com%3A1337&tr=udp%3A//tracker.leechers-paradise.org%3A6969,https://yts.gg/torrent/download/9F5B0BE8766524015565DF37F18FCA79B35A9BFF,magnet:?xt=urn:btih:9F5B0BE8766524015565DF37F18FCA79B35A9BFF&dn=Crimson%20Tide%20%5B720p%5D&tr=udp%3A//open.demonii.com%3A1337/announce&tr=udp%3A//tracker.openbittorrent.com%3A80&tr=udp%3A//tracker.coppersurfer.tk%3A6969&tr=udp%3A//glotorrents.pw%3A6969/announce&tr=udp%3A//tracker.opentrackr.org%3A1337/announce&tr=udp%3A//torrent.gresille.org%3A80/announce&tr=udp%3A//p4p.arenabg.com%3A1337&tr=udp%3A//tracker.leechers-paradise.org%3A6969,https://www.google.com/search?q=Crimson+Tide&stick=H4sIAAAAAAAAAONgVuLUz9U3MClON0gCABUWbDcNAAAA,https://yts.gg/assets/images/movies/Crimson_Tide_1995/large-cover.jpg
North Face,,,,,,,,,https://www.google.com/search?q=North+Face&stick=H4sIAAAAAAAAAONgVuLSz9U3MDWszK6qAgB7OIEtDgAAAA,
Longmire,,,,,,,,,https://www.google.com/search?q=Longmire&stick=H4sIAAAAAAAAAONgVuLSz9U3yLLMtazMAwAwdJ1hDgAAAA,
Twisted Metal,,,,,,,,,https://www.google.com/search?q=Twisted+Metal&stick=H4sIAAAAAAAAAONgVuLVT9c3NCwxKCowsCiuBABdcYw6EQAAAA,
Outback,movie,2019,5,"Down Under for an adventure-filled vacation, a young American couple quickly find themselves stranded in the unforgiving Australian outback.",https://yts.gg/torrent/download/FC778FD4FA69C3C99497E9DDBDD5C7993BAA0E47,magnet:?xt=urn:btih:FC778FD4FA69C3C99497E9DDBDD5C7993BAA0E47&dn=Outback%20%5B1080p%5D&tr=udp%3A//open.demonii.com%3A1337/announce&tr=udp%3A//tracker.openbittorrent.com%3A80&tr=udp%3A//tracker.coppersurfer.tk%3A6969&tr=udp%3A//glotorrents.pw%3A6969/announce&tr=udp%3A//tracker.opentrackr.org%3A1337/announce&tr=udp%3A//torrent.gresille.org%3A80/announce&tr=udp%3A//p4p.arenabg.com%3A1337&tr=udp%3A//tracker.leechers-paradise.org%3A6969,https://yts.gg/torrent/download/FF3986C14CC41E1F5785DDF19DF07D54194FA5AB,magnet:?xt=urn:btih:FF3986C14CC41E1F5785DDF19DF07D54194FA5AB&dn=Outback%20%5B720p%5D&tr=udp%3A//open.demonii.com%3A1337/announce&tr=udp%3A//tracker.openbittorrent.com%3A80&tr=udp%3A//tracker.coppersurfer.tk%3A6969&tr=udp%3A//glotorrents.pw%3A6969/announce&tr=udp%3A//tracker.opentrackr.org%3A1337/announce&tr=udp%3A//torrent.gresille.org%3A80/announce&tr=udp%3A//p4p.arenabg.com%3A1337&tr=udp%3A//tracker.leechers-paradise.org%3A6969,https://www.google.com/search?q=Outback&stick=H4sIAAAAAAAAAONgVuLVT9c3NEzLTUouSiqsAABxSYF3EQAAAA,https://yts.gg/assets/images/movies/outback_2019/large-cover.jpg
Funny Games,movie,1997,7.5,"Two violent young men take a mother, father, and son hostage in their vacation cabin and force them to play sadistic ""games"" with one another for their own amusement.",https://yts.gg/torrent/download/2087879C0E7EFF10EA2761FCB834F5678D9214E4,magnet:?xt=urn:btih:2087879C0E7EFF10EA2761FCB834F5678D9214E4&dn=Funny%20Games%20%5B1080p%5D&tr=udp%3A//open.demonii.com%3A1337/announce&tr=udp%3A//tracker.openbittorrent.com%3A80&tr=udp%3A//tracker.coppersurfer.tk%3A6969&tr=udp%3A//glotorrents.pw%3A6969/announce&tr=udp%3A//tracker.opentrackr.org%3A1337/announce&tr=udp%3A//torrent.gresille.org%3A80/announce&tr=udp%3A//p4p.arenabg.com%3A1337&tr=udp%3A//tracker.leechers-paradise.org%3A6969,https://yts.gg/torrent/download/415D0A32B98AE38CC225046F23876B0EF8AE69E1,magnet:?xt=urn:btih:415D0A32B98AE38CC225046F23876B0EF8AE69E1&dn=Funny%20Games%20%5B720p%5D&tr=udp%3A//open.demonii.com%3A1337/announce&tr=udp%3A//tracker.openbittorrent.com%3A80&tr=udp%3A//tracker.coppersurfer.tk%3A6969&tr=udp%3A//glotorrents.pw%3A6969/announce&tr=udp%3A//tracker.opentrackr.org%3A1337/announce&tr=udp%3A//torrent.gresille.org%3A80/announce&tr=udp%3A//p4p.arenabg.com%3A1337&tr=udp%3A//tracker.leechers-paradise.org%3A6969,https://www.google.com/search?q=Funny+Games&stick=H4sIAAAAAAAAAONgVuLUz9U3SDKxMC8DAM1nh7QNAAAA,https://yts.gg/assets/images/movies/funny_games_1997/large-cover.jpg
Unforgiven,movie,1992,8.2,"Retired Old West gunslinger Will Munny reluctantly takes on one last job to avenge an injustice with the help of his old partner and a young would-be gunman calling himself ""The Schofield Kid"".",https://yts.gg/torrent/download/82529944B6EBE1C74D70D39C451A5BFB65071334,magnet:?xt=urn:btih:82529944B6EBE1C74D70D39C451A5BFB65071334&dn=Unforgiven%20%5B1080p%5D&tr=udp%3A//open.demonii.com%3A1337/announce&tr=udp%3A//tracker.openbittorrent.com%3A80&tr=udp%3A//tracker.coppersurfer.tk%3A6969&tr=udp%3A//glotorrents.pw%3A6969/announce&tr=udp%3A//tracker.opentrackr.org%3A1337/announce&tr=udp%3A//torrent.gresille.org%3A80/announce&tr=udp%3A//p4p.arenabg.com%3A1337&tr=udp%3A//tracker.leechers-paradise.org%3A6969,https://yts.gg/torrent/download/F8E357551573F56AF16454DD47EB4711C8E7162E,magnet:?xt=urn:btih:F8E357551573F56AF16454DD47EB4711C8E7162E&dn=Unforgiven%20%5B720p%5D&tr=udp%3A//open.demonii.com%3A1337/announce&tr=udp%3A//tracker.openbittorrent.com%3A80&tr=udp%3A//tracker.coppersurfer.tk%3A6969&tr=udp%3A//glotorrents.pw%3A6969/announce&tr=udp%3A//tracker.opentrackr.org%3A1337/announce&tr=udp%3A//torrent.gresille.org%3A80/announce&tr=udp%3A//p4p.arenabg.com%3A1337&tr=udp%3A//tracker.leechers-paradise.org%3A6969,https://www.google.com/search?q=Unforgiven&stick=H4sIAAAAAAAAAONgVuLQz9U3iLc0KgcA2oRiEgwAAAA,https://yts.gg/assets/images/movies/Unforgiven_1992/large-cover.jpg
Legends of the Fall,movie,1994,7.5,"In the early 1900s, three brothers and their father living in the remote wilderness of Montana are affected by betrayal, history, love, nature, and war.",https://yts.gg/torrent/download/341C412FC769FF622122491247E6189A54E07388,magnet:?xt=urn:btih:341C412FC769FF622122491247E6189A54E07388&dn=Legends%20of%20the%20Fall%20%5B1080p%5D&tr=udp%3A//open.demonii.com%3A1337/announce&tr=udp%3A//tracker.openbittorrent.com%3A80&tr=udp%3A//tracker.coppersurfer.tk%3A6969&tr=udp%3A//glotorrents.pw%3A6969/announce&tr=udp%3A//tracker.opentrackr.org%3A1337/announce&tr=udp%3A//torrent.gresille.org%3A80/announce&tr=udp%3A//p4p.arenabg.com%3A1337&tr=udp%3A//tracker.leechers-paradise.org%3A6969,https://yts.gg/torrent/download/C92BE519C987E02B627E66258036D6DE78FB5C7A,magnet:?xt=urn:btih:C92BE519C987E02B627E66258036D6DE78FB5C7A&dn=Legends%20of%20the%20Fall%20%5B720p%5D&tr=udp%3A//open.demonii.com%3A1337/announce&tr=udp%3A//tracker.openbittorrent.com%3A80&tr=udp%3A//tracker.coppersurfer.tk%3A6969&tr=udp%3A//glotorrents.pw%3A6969/announce&tr=udp%3A//tracker.opentrackr.org%3A1337/announce&tr=udp%3A//torrent.gresille.org%3A80/announce&tr=udp%3A//p4p.arenabg.com%3A1337&tr=udp%3A//tracker.leechers-paradise.org%3A6969,https://www.google.com/search?q=Legends+of+the+Fall&stick=H4sIAAAAAAAAAONgVuLUz9U3MIqPNzYBABngldENAAAA,https://yts.gg/assets/images/movies/Legends_of_the_Fall_1994/large-cover.jpg
You're Next,movie,2011,6.6,"When the Davison family comes under attack during their wedding anniversary getaway, the gang of mysterious killers soon learns that one of the victims harbors a secret talent for fighting back.",https://yts.gg/torrent/download/B42CC1ADA858A941A9754ECAD2EC83F0F6A483E5,magnet:?xt=urn:btih:B42CC1ADA858A941A9754ECAD2EC83F0F6A483E5&dn=You%27re%20Next%20%5B1080p%5D&tr=udp%3A//open.demonii.com%3A1337/announce&tr=udp%3A//tracker.openbittorrent.com%3A80&tr=udp%3A//tracker.coppersurfer.tk%3A6969&tr=udp%3A//glotorrents.pw%3A6969/announce&tr=udp%3A//tracker.opentrackr.org%3A1337/announce&tr=udp%3A//torrent.gresille.org%3A80/announce&tr=udp%3A//p4p.arenabg.com%3A1337&tr=udp%3A//tracker.leechers-paradise.org%3A6969,https://yts.gg/torrent/download/4659120824DE0CAD8004A070A60CC6533E8027FD,magnet:?xt=urn:btih:4659120824DE0CAD8004A070A60CC6533E8027FD&dn=You%27re%20Next%20%5B720p%5D&tr=udp%3A//open.demonii.com%3A1337/announce&tr=udp%3A//tracker.openbittorrent.com%3A80&tr=udp%3A//tracker.coppersurfer.tk%3A6969&tr=udp%3A//glotorrents.pw%3A6969/announce&tr=udp%3A//tracker.opentrackr.org%3A1337/announce&tr=udp%3A//torrent.gresille.org%3A80/announce&tr=udp%3A//p4p.arenabg.com%3A1337&tr=udp%3A//tracker.leechers-paradise.org%3A6969,https://www.google.com/search?q=You%27re+Next&stick=H4sIAAAAAAAAAONgVuLSz9U3yDAzS7LIBgDTgehLDgAAAA,https://yts.gg/assets/images/movies/Youre_Next_2011/large-cover.jpg
This Is Us,movie,2013,4.4,"A look at Niall, Zayn, Liam, Louis, and Harry's meteoric rise to fame, from their humble hometown beginnings and competing on the X-Factor, to conquering the world and performing at London's famed O2 Arena.",https://yts.gg/torrent/download/1907F7571AF157137D6627D292B9547D7A61A193,magnet:?xt=urn:btih:1907F7571AF157137D6627D292B9547D7A61A193&dn=One%20Direction%3A%20This%20Is%20Us%20%5B1080p%5D&tr=udp%3A//open.demonii.com%3A1337/announce&tr=udp%3A//tracker.openbittorrent.com%3A80&tr=udp%3A//tracker.coppersurfer.tk%3A6969&tr=udp%3A//glotorrents.pw%3A6969/announce&tr=udp%3A//tracker.opentrackr.org%3A1337/announce&tr=udp%3A//torrent.gresille.org%3A80/announce&tr=udp%3A//p4p.arenabg.com%3A1337&tr=udp%3A//tracker.leechers-paradise.org%3A6969,https://yts.gg/torrent/download/1F51A6E2E8E2B5F32FF369874845F92AAACAA496,magnet:?xt=urn:btih:1F51A6E2E8E2B5F32FF369874845F92AAACAA496&dn=One%20Direction%3A%20This%20Is%20Us%20%5B720p%5D&tr=udp%3A//open.demonii.com%3A1337/announce&tr=udp%3A//tracker.openbittorrent.com%3A80&tr=udp%3A//tracker.coppersurfer.tk%3A6969&tr=udp%3A//glotorrents.pw%3A6969/announce&tr=udp%3A//tracker.opentrackr.org%3A1337/announce&tr=udp%3A//torrent.gresille.org%3A80/announce&tr=udp%3A//p4p.arenabg.com%3A1337&tr=udp%3A//tracker.leechers-paradise.org%3A6969,https://www.google.com/search?q=This+Is+Us&stick=H4sIAAAAAAAAAONgVuLVT9c3NEzOs6iqMKyoAgACKefwEQAAAA,https://yts.gg/assets/images/movies/One_Direction_This_Is_Us_2013/large-cover.jpg
Forever,movie,2026,5.4,A Gen Z couple meets via dating app. Their relationship unfolds with unexpected consequences.,https://yts.gg/torrent/download/614F406AB2735FF78066486B4DDA1FBBCF3E36F1,magnet:?xt=urn:btih:614F406AB2735FF78066486B4DDA1FBBCF3E36F1&dn=Nee%20Forever%20%5B1080p%5D&tr=udp%3A//open.demonii.com%3A1337/announce&tr=udp%3A//tracker.openbittorrent.com%3A80&tr=udp%3A//tracker.coppersurfer.tk%3A6969&tr=udp%3A//glotorrents.pw%3A6969/announce&tr=udp%3A//tracker.opentrackr.org%3A1337/announce&tr=udp%3A//torrent.gresille.org%3A80/announce&tr=udp%3A//p4p.arenabg.com%3A1337&tr=udp%3A//tracker.leechers-paradise.org%3A6969,https://yts.gg/torrent/download/99CABAFA45AA25465F758A46D36D1B3430FEBC41,magnet:?xt=urn:btih:99CABAFA45AA25465F758A46D36D1B3430FEBC41&dn=Nee%20Forever%20%5B720p%5D&tr=udp%3A//open.demonii.com%3A1337/announce&tr=udp%3A//tracker.openbittorrent.com%3A80&tr=udp%3A//tracker.coppersurfer.tk%3A6969&tr=udp%3A//glotorrents.pw%3A6969/announce&tr=udp%3A//tracker.opentrackr.org%3A1337/announce&tr=udp%3A//torrent.gresille.org%3A80/announce&tr=udp%3A//p4p.arenabg.com%3A1337&tr=udp%3A//tracker.leechers-paradise.org%3A6969,https://www.google.com/search?q=Forever&stick=H4sIAAAAAAAAAONgVuLWz9U3MDTIKc8yMAQAyInvRA8AAAA,https://yts.gg/assets/images/movies/nee_forever_2026/large-cover.jpg
Good Behavior,,,,,,,,,https://www.google.com/search?q=Good+Behavior&stick=H4sIAAAAAAAAAONgVuLVT9c3NEzOSio0zsk2BADErP12EQAAAA,
The Hustle,movie,2008,4.5,"Pest exterminators Freddie and Junior keep stumbling into trouble on the job fighting rich ladies, roaches, grumpy pawn shop owners and meter maids when suddenly they're in way over their heads, owing an Asian Karate World mobster $10,000.",https://yts.gg/torrent/download/15E0C71FCFF8C31625D39C0E7E9A6BED619D70C2,magnet:?xt=urn:btih:15E0C71FCFF8C31625D39C0E7E9A6BED619D70C2&dn=The%20Hustle%20%5B1080p%5D&tr=udp%3A//open.demonii.com%3A1337/announce&tr=udp%3A//tracker.openbittorrent.com%3A80&tr=udp%3A//tracker.coppersurfer.tk%3A6969&tr=udp%3A//glotorrents.pw%3A6969/announce&tr=udp%3A//tracker.opentrackr.org%3A1337/announce&tr=udp%3A//torrent.gresille.org%3A80/announce&tr=udp%3A//p4p.arenabg.com%3A1337&tr=udp%3A//tracker.leechers-paradise.org%3A6969,https://yts.gg/torrent/download/24A004104AFFD989541259DA0726BA4DF5D7EF38,magnet:?xt=urn:btih:24A004104AFFD989541259DA0726BA4DF5D7EF38&dn=The%20Hustle%20%5B720p%5D&tr=udp%3A//open.demonii.com%3A1337/announce&tr=udp%3A//tracker.openbittorrent.com%3A80&tr=udp%3A//tracker.coppersurfer.tk%3A6969&tr=udp%3A//glotorrents.pw%3A6969/announce&tr=udp%3A//tracker.opentrackr.org%3A1337/announce&tr=udp%3A//torrent.gresille.org%3A80/announce&tr=udp%3A//p4p.arenabg.com%3A1337&tr=udp%3A//tracker.leechers-paradise.org%3A6969,https://www.google.com/search?q=The+Hustle&stick=H4sIAAAAAAAAAONgVuLVT9c3NEwzys4qK6wqAwAknU0dEQAAAA,https://yts.gg/assets/images/movies/the_hustle_2008/large-cover.jpg
Bhavesh Joshi Superhero,,,,,,,,,https://www.google.com/search?q=Bhavesh+Joshi+Superhero&stick=H4sIAAAAAAAAAONgVuLSz9U3qEopyc21BACq8M0_DgAAAA,
Flu,movie,2024,4.9,"As Laura's career peaks, a deadly virus targets the rich. As panic erupts and society turns on the 1%, she must fight to protect her family in a world where wealth becomes a death sentence.",https://yts.gg/torrent/download/CD269C849103A57BB8C7060EC7AD12E39ADD9431,magnet:?xt=urn:btih:CD269C849103A57BB8C7060EC7AD12E39ADD9431&dn=Rich%20Flu%20%5B1080p%5D&tr=udp%3A//open.demonii.com%3A1337/announce&tr=udp%3A//tracker.openbittorrent.com%3A80&tr=udp%3A//tracker.coppersurfer.tk%3A6969&tr=udp%3A//glotorrents.pw%3A6969/announce&tr=udp%3A//tracker.opentrackr.org%3A1337/announce&tr=udp%3A//torrent.gresille.org%3A80/announce&tr=udp%3A//p4p.arenabg.com%3A1337&tr=udp%3A//tracker.leechers-paradise.org%3A6969,https://yts.gg/torrent/download/ACE0244764550DE5F020F74938CE9AC42F8570C8,magnet:?xt=urn:btih:ACE0244764550DE5F020F74938CE9AC42F8570C8&dn=Rich%20Flu%20%5B720p%5D&tr=udp%3A//open.demonii.com%3A1337/announce&tr=udp%3A//tracker.openbittorrent.com%3A80&tr=udp%3A//tracker.coppersurfer.tk%3A6969&tr=udp%3A//glotorrents.pw%3A6969/announce&tr=udp%3A//tracker.opentrackr.org%3A1337/announce&tr=udp%3A//torrent.gresille.org%3A80/announce&tr=udp%3A//p4p.arenabg.com%3A1337&tr=udp%3A//tracker.leechers-paradise.org%3A6969,https://www.google.com/search?q=Flu&stick=H4sIAAAAAAAAAONgVuLSz9U3yLLMTjEoAQA5m0v8DgAAAA,https://yts.gg/assets/images/movies/rich_flu_2024/large-cover.jpg
Narc,movie,2021,7,"Officer Tracy Smith deals with family, the reoccurring nightmare of the brutal murder of his parents and his Secret Internal Investigation of a Special Narcotics Unit. Tracy quickly learns that being a Detroit Narcotics Officer nothing is what it seems while trying to gain the trust of Narcotics Unit.",https://yts.gg/torrent/download/7C3EFE4707F43CCD881854F33F82C07C4E775354,magnet:?xt=urn:btih:7C3EFE4707F43CCD881854F33F82C07C4E775354&dn=Narc%20%5B720p%5D&tr=udp%3A//open.demonii.com%3A1337/announce&tr=udp%3A//tracker.openbittorrent.com%3A80&tr=udp%3A//tracker.coppersurfer.tk%3A6969&tr=udp%3A//glotorrents.pw%3A6969/announce&tr=udp%3A//tracker.opentrackr.org%3A1337/announce&tr=udp%3A//torrent.gresille.org%3A80/announce&tr=udp%3A//p4p.arenabg.com%3A1337&tr=udp%3A//tracker.leechers-paradise.org%3A6969,https://yts.gg/torrent/download/7C3EFE4707F43CCD881854F33F82C07C4E775354,magnet:?xt=urn:btih:7C3EFE4707F43CCD881854F33F82C07C4E775354&dn=Narc%20%5B720p%5D&tr=udp%3A//open.demonii.com%3A1337/announce&tr=udp%3A//tracker.openbittorrent.com%3A80&tr=udp%3A//tracker.coppersurfer.tk%3A6969&tr=udp%3A//glotorrents.pw%3A6969/announce&tr=udp%3A//tracker.opentrackr.org%3A1337/announce&tr=udp%3A//torrent.gresille.org%3A80/announce&tr=udp%3A//p4p.arenabg.com%3A1337&tr=udp%3A//tracker.leechers-paradise.org%3A6969,https://www.google.com/search?q=Narc&stick=H4sIAAAAAAAAAONgVuLUz9U3MDcvyK0AADnMpI8NAAAA,https://yts.gg/assets/images/movies/narc_2021/large-cover.jpg
Don Jon,movie,2013,6.5,"A New Jersey guy dedicated to his family, friends, and church, develops unrealistic expectations from watching porn and works to find happiness and intimacy with his potential true love.",https://yts.gg/torrent/download/B4658CCF0C2947ED8CF3E602E02C4F9E092E2EC4,magnet:?xt=urn:btih:B4658CCF0C2947ED8CF3E602E02C4F9E092E2EC4&dn=Don%20Jon%20%5B1080p%5D&tr=udp%3A//open.demonii.com%3A1337/announce&tr=udp%3A//tracker.openbittorrent.com%3A80&tr=udp%3A//tracker.coppersurfer.tk%3A6969&tr=udp%3A//glotorrents.pw%3A6969/announce&tr=udp%3A//tracker.opentrackr.org%3A1337/announce&tr=udp%3A//torrent.gresille.org%3A80/announce&tr=udp%3A//p4p.arenabg.com%3A1337&tr=udp%3A//tracker.leechers-paradise.org%3A6969,https://yts.gg/torrent/download/3AE122A2AC094190FBA651EE1822B231CE8E4768,magnet:?xt=urn:btih:3AE122A2AC094190FBA651EE1822B231CE8E4768&dn=Don%20Jon%20%5B720p%5D&tr=udp%3A//open.demonii.com%3A1337/announce&tr=udp%3A//tracker.openbittorrent.com%3A80&tr=udp%3A//tracker.coppersurfer.tk%3A6969&tr=udp%3A//glotorrents.pw%3A6969/announce&tr=udp%3A//tracker.opentrackr.org%3A1337/announce&tr=udp%3A//torrent.gresille.org%3A80/announce&tr=udp%3A//p4p.arenabg.com%3A1337&tr=udp%3A//tracker.leechers-paradise.org%3A6969,https://www.google.com/search?q=Don+Jon&stick=H4sIAAAAAAAAAONgVuLSz9U3yE4xyDbNBgDIdbsQDgAAAA,https://yts.gg/assets/images/movies/Don_Jon_2013/large-cover.jpg
Pride and Glory,movie,2008,6.6,"A family's moral codes are tested when Ray Tierney investigates a case that reveals an incendiary police corruption scandal involving his own brother-in-law. For Ray, the truth is revelatory, a Pandora's Box that threatens to upend not only the Tierney legacy but the entire NYPD.",https://yts.gg/torrent/download/F7AF31FF873F8DE143BBB03C35E8C25174E6F5A8,magnet:?xt=urn:btih:F7AF31FF873F8DE143BBB03C35E8C25174E6F5A8&dn=Pride%20and%20Glory%20%5B1080p%5D&tr=udp%3A//open.demonii.com%3A1337/announce&tr=udp%3A//tracker.openbittorrent.com%3A80&tr=udp%3A//tracker.coppersurfer.tk%3A6969&tr=udp%3A//glotorrents.pw%3A6969/announce&tr=udp%3A//tracker.opentrackr.org%3A1337/announce&tr=udp%3A//torrent.gresille.org%3A80/announce&tr=udp%3A//p4p.arenabg.com%3A1337&tr=udp%3A//tracker.leechers-paradise.org%3A6969,https://yts.gg/torrent/download/6427BB9AB7208542FF4F55326D0DA92320D87E57,magnet:?xt=urn:btih:6427BB9AB7208542FF4F55326D0DA92320D87E57&dn=Pride%20and%20Glory%20%5B720p%5D&tr=udp%3A//open.demonii.com%3A1337/announce&tr=udp%3A//tracker.openbittorrent.com%3A80&tr=udp%3A//tracker.coppersurfer.tk%3A6969&tr=udp%3A//glotorrents.pw%3A6969/announce&tr=udp%3A//tracker.opentrackr.org%3A1337/announce&tr=udp%3A//torrent.gresille.org%3A80/announce&tr=udp%3A//p4p.arenabg.com%3A1337&tr=udp%3A//tracker.leechers-paradise.org%3A6969,https://www.google.com/search?q=Pride+and+Glory&stick=H4sIAAAAAAAAAONgVuLUz9U3sMwtNCsEAJLLdbUNAAAA,https://yts.gg/assets/images/movies/pride_and_glory_2008/large-cover.jpg
Runway 34,movie,2022,7,"Inspired by true incidents, ""Runway 34"" revolves around Captain Vikrant Khanna played by Ajay Devgn, a flying prodigy, whose flight takes a mysterious course after take-off from an international destination.",https://yts.gg/torrent/download/D70142C270880477FA4FC63707FF64164E6BF4DB,magnet:?xt=urn:btih:D70142C270880477FA4FC63707FF64164E6BF4DB&dn=Runway%2034%20%5B1080p%5D&tr=udp%3A//open.demonii.com%3A1337/announce&tr=udp%3A//tracker.openbittorrent.com%3A80&tr=udp%3A//tracker.coppersurfer.tk%3A6969&tr=udp%3A//glotorrents.pw%3A6969/announce&tr=udp%3A//tracker.opentrackr.org%3A1337/announce&tr=udp%3A//torrent.gresille.org%3A80/announce&tr=udp%3A//p4p.arenabg.com%3A1337&tr=udp%3A//tracker.leechers-paradise.org%3A6969,https://yts.gg/torrent/download/C980928F01A8C69FD4E6395AB5DCE9F0D5D37F59,magnet:?xt=urn:btih:C980928F01A8C69FD4E6395AB5DCE9F0D5D37F59&dn=Runway%2034%20%5B720p%5D&tr=udp%3A//open.demonii.com%3A1337/announce&tr=udp%3A//tracker.openbittorrent.com%3A80&tr=udp%3A//tracker.coppersurfer.tk%3A6969&tr=udp%3A//glotorrents.pw%3A6969/announce&tr=udp%3A//tracker.opentrackr.org%3A1337/announce&tr=udp%3A//torrent.gresille.org%3A80/announce&tr=udp%3A//p4p.arenabg.com%3A1337&tr=udp%3A//tracker.leechers-paradise.org%3A6969,https://www.google.com/search?q=Runway+34&stick=H4sIAAAAAAAAAONgVuLVT9c3NMyzMC5MKTSsBACd4RfkEQAAAA,https://yts.gg/assets/images/movies/runway_34_2022/large-cover.jpg
Margin Call,movie,2011,7.1,Follows the key people at an investment bank over a 24-hour period during the early stages of the 2008 financial crisis.,https://yts.gg/torrent/download/090BAB797B120FFFF430AB0E250465BDE95EE153,magnet:?xt=urn:btih:090BAB797B120FFFF430AB0E250465BDE95EE153&dn=Margin%20Call%20%5B1080p%5D&tr=udp%3A//open.demonii.com%3A1337/announce&tr=udp%3A//tracker.openbittorrent.com%3A80&tr=udp%3A//tracker.coppersurfer.tk%3A6969&tr=udp%3A//glotorrents.pw%3A6969/announce&tr=udp%3A//tracker.opentrackr.org%3A1337/announce&tr=udp%3A//torrent.gresille.org%3A80/announce&tr=udp%3A//p4p.arenabg.com%3A1337&tr=udp%3A//tracker.leechers-paradise.org%3A6969,https://yts.gg/torrent/download/6BD819422708D4E81AC3D345BF4BA677EB77B37D,magnet:?xt=urn:btih:6BD819422708D4E81AC3D345BF4BA677EB77B37D&dn=Margin%20Call%20%5B720p%5D&tr=udp%3A//open.demonii.com%3A1337/announce&tr=udp%3A//tracker.openbittorrent.com%3A80&tr=udp%3A//tracker.coppersurfer.tk%3A6969&tr=udp%3A//glotorrents.pw%3A6969/announce&tr=udp%3A//tracker.opentrackr.org%3A1337/announce&tr=udp%3A//torrent.gresille.org%3A80/announce&tr=udp%3A//p4p.arenabg.com%3A1337&tr=udp%3A//tracker.leechers-paradise.org%3A6969,https://www.google.com/search?q=Margin+Call&stick=H4sIAAAAAAAAAONgVuLSz9U3SE42z8jNBgAJejujDgAAAA,https://yts.gg/assets/images/movies/Margin_Call_2011/large-cover.jpg
The Age of Adaline,movie,2015,7.2,An ageless woman meets someone who reawakens her passion for life and romance.,https://yts.gg/torrent/download/F62B40A2335D17D92B56A4B38666665B56F59A66,magnet:?xt=urn:btih:F62B40A2335D17D92B56A4B38666665B56F59A66&dn=The%20Age%20of%20Adaline%20%5B1080p%5D&tr=udp%3A//open.demonii.com%3A1337/announce&tr=udp%3A//tracker.openbittorrent.com%3A80&tr=udp%3A//tracker.coppersurfer.tk%3A6969&tr=udp%3A//glotorrents.pw%3A6969/announce&tr=udp%3A//tracker.opentrackr.org%3A1337/announce&tr=udp%3A//torrent.gresille.org%3A80/announce&tr=udp%3A//p4p.arenabg.com%3A1337&tr=udp%3A//tracker.leechers-paradise.org%3A6969,https://yts.gg/torrent/download/270368E31F25E6F60DCCB91FE54EE3BED8DD2CC1,magnet:?xt=urn:btih:270368E31F25E6F60DCCB91FE54EE3BED8DD2CC1&dn=The%20Age%20of%20Adaline%20%5B720p%5D&tr=udp%3A//open.demonii.com%3A1337/announce&tr=udp%3A//tracker.openbittorrent.com%3A80&tr=udp%3A//tracker.coppersurfer.tk%3A6969&tr=udp%3A//glotorrents.pw%3A6969/announce&tr=udp%3A//tracker.opentrackr.org%3A1337/announce&tr=udp%3A//torrent.gresille.org%3A80/announce&tr=udp%3A//p4p.arenabg.com%3A1337&tr=udp%3A//tracker.leechers-paradise.org%3A6969,https://www.google.com/search?q=The+Age+of+Adaline&stick=H4sIAAAAAAAAAONgVuLSz9U3yKiMzyo0AQBTHxkDDgAAAA,https://yts.gg/assets/images/movies/the_age_of_adaline_2015/large-cover.jpg
The Killing of a Sacred Deer,movie,2017,7,A devious teen starts to insinuate himself into the life of a renowned surgeon and his family.,https://yts.gg/torrent/download/2F8C73795B2C20BF364F7B2A61C44BA8712A9C97,magnet:?xt=urn:btih:2F8C73795B2C20BF364F7B2A61C44BA8712A9C97&dn=The%20Killing%20of%20a%20Sacred%20Deer%20%5B1080p%5D&tr=udp%3A//open.demonii.com%3A1337/announce&tr=udp%3A//tracker.openbittorrent.com%3A80&tr=udp%3A//tracker.coppersurfer.tk%3A6969&tr=udp%3A//glotorrents.pw%3A6969/announce&tr=udp%3A//tracker.opentrackr.org%3A1337/announce&tr=udp%3A//torrent.gresille.org%3A80/announce&tr=udp%3A//p4p.arenabg.com%3A1337&tr=udp%3A//tracker.leechers-paradise.org%3A6969,https://yts.gg/torrent/download/D94BB4D7F32B2D3E0F63AB0CC87F3D1B29C2656E,magnet:?xt=urn:btih:D94BB4D7F32B2D3E0F63AB0CC87F3D1B29C2656E&dn=The%20Killing%20of%20a%20Sacred%20Deer%20%5B720p%5D&tr=udp%3A//open.demonii.com%3A1337/announce&tr=udp%3A//tracker.openbittorrent.com%3A80&tr=udp%3A//tracker.coppersurfer.tk%3A6969&tr=udp%3A//glotorrents.pw%3A6969/announce&tr=udp%3A//tracker.opentrackr.org%3A1337/announce&tr=udp%3A//torrent.gresille.org%3A80/announce&tr=udp%3A//p4p.arenabg.com%3A1337&tr=udp%3A//tracker.leechers-paradise.org%3A6969,https://www.google.com/search?q=The+Killing+of+a+Sacred+Deer&stick=H4sIAAAAAAAAAONgVuLVT9c3NEw2zCvPKLYwAQCksidFEQAAAA,https://yts.gg/assets/images/movies/the_killing_of_a_sacred_deer_2017/large-cover.jpg
28 Days Later,movie,2002,7.5,"Four weeks after a mysterious, incurable virus spreads throughout the United Kingdom, a handful of survivors try to find sanctuary.",https://yts.gg/torrent/download/100ABF40A2370CD71E9F16461153CC8533476E17,magnet:?xt=urn:btih:100ABF40A2370CD71E9F16461153CC8533476E17&dn=28%20Days%20Later%20%5B1080p%5D&tr=udp%3A//open.demonii.com%3A1337/announce&tr=udp%3A//tracker.openbittorrent.com%3A80&tr=udp%3A//tracker.coppersurfer.tk%3A6969&tr=udp%3A//glotorrents.pw%3A6969/announce&tr=udp%3A//tracker.opentrackr.org%3A1337/announce&tr=udp%3A//torrent.gresille.org%3A80/announce&tr=udp%3A//p4p.arenabg.com%3A1337&tr=udp%3A//tracker.leechers-paradise.org%3A6969,https://yts.gg/torrent/download/334A7C9A543F45B856D014D06176FCAC0B28606C,magnet:?xt=urn:btih:334A7C9A543F45B856D014D06176FCAC0B28606C&dn=28%20Days%20Later%20%5B720p%5D&tr=udp%3A//open.demonii.com%3A1337/announce&tr=udp%3A//tracker.openbittorrent.com%3A80&tr=udp%3A//tracker.coppersurfer.tk%3A6969&tr=udp%3A//glotorrents.pw%3A6969/announce&tr=udp%3A//tracker.opentrackr.org%3A1337/announce&tr=udp%3A//torrent.gresille.org%3A80/announce&tr=udp%3A//p4p.arenabg.com%3A1337&tr=udp%3A//tracker.leechers-paradise.org%3A6969,https://www.google.com/search?q=28+Days+Later&stick=H4sIAAAAAAAAAONgVuLUz9U3MDTKrqwAAG9S5wkNAAAA,https://yts.gg/assets/images/movies/28_Days_Later_2002/large-cover.jpg
A Hidden Life,movie,2019,7.4,"The Austrian Franz Jägerstätter, a conscientious objector, refuses to fight for the Nazis in World War II.",https://yts.gg/torrent/download/F341FFC1040A31A7D474671981A26282B2036B50,magnet:?xt=urn:btih:F341FFC1040A31A7D474671981A26282B2036B50&dn=A%20Hidden%20Life%20%5B1080p%5D&tr=udp%3A//open.demonii.com%3A1337/announce&tr=udp%3A//tracker.openbittorrent.com%3A80&tr=udp%3A//tracker.coppersurfer.tk%3A6969&tr=udp%3A//glotorrents.pw%3A6969/announce&tr=udp%3A//tracker.opentrackr.org%3A1337/announce&tr=udp%3A//torrent.gresille.org%3A80/announce&tr=udp%3A//p4p.arenabg.com%3A1337&tr=udp%3A//tracker.leechers-paradise.org%3A6969,https://yts.gg/torrent/download/FE7B634238539D325497EE9AF285487C2B935E4C,magnet:?xt=urn:btih:FE7B634238539D325497EE9AF285487C2B935E4C&dn=A%20Hidden%20Life%20%5B720p%5D&tr=udp%3A//open.demonii.com%3A1337/announce&tr=udp%3A//tracker.openbittorrent.com%3A80&tr=udp%3A//tracker.coppersurfer.tk%3A6969&tr=udp%3A//glotorrents.pw%3A6969/announce&tr=udp%3A//tracker.opentrackr.org%3A1337/announce&tr=udp%3A//torrent.gresille.org%3A80/announce&tr=udp%3A//p4p.arenabg.com%3A1337&tr=udp%3A//tracker.leechers-paradise.org%3A6969,https://www.google.com/search?q=A+Hidden+Life&stick=H4sIAAAAAAAAAONgVuLVT9c3NEw2KEovia8oBADLQfMqEQAAAA,https://yts.gg/assets/images/movies/a_hidden_life_2019/large-cover.jpg
Io Capitano,movie,2023,7.6,"A Homeric fairy tale that tells the adventurous journey of two young boys, Seydou and Moussa, who leave Dakar to reach Europe.",https://yts.gg/torrent/download/6F411E080F47B6FB18D3DCC3C4889F526796E9E1,magnet:?xt=urn:btih:6F411E080F47B6FB18D3DCC3C4889F526796E9E1&dn=Io%20capitano%20%5B1080p%5D&tr=udp%3A//open.demonii.com%3A1337/announce&tr=udp%3A//tracker.openbittorrent.com%3A80&tr=udp%3A//tracker.coppersurfer.tk%3A6969&tr=udp%3A//glotorrents.pw%3A6969/announce&tr=udp%3A//tracker.opentrackr.org%3A1337/announce&tr=udp%3A//torrent.gresille.org%3A80/announce&tr=udp%3A//p4p.arenabg.com%3A1337&tr=udp%3A//tracker.leechers-paradise.org%3A6969,https://yts.gg/torrent/download/61D5B91E0DB692CBA9354A3DD70368A8CD2CE51F,magnet:?xt=urn:btih:61D5B91E0DB692CBA9354A3DD70368A8CD2CE51F&dn=Io%20capitano%20%5B720p%5D&tr=udp%3A//open.demonii.com%3A1337/announce&tr=udp%3A//tracker.openbittorrent.com%3A80&tr=udp%3A//tracker.coppersurfer.tk%3A6969&tr=udp%3A//glotorrents.pw%3A6969/announce&tr=udp%3A//tracker.opentrackr.org%3A1337/announce&tr=udp%3A//torrent.gresille.org%3A80/announce&tr=udp%3A//p4p.arenabg.com%3A1337&tr=udp%3A//tracker.leechers-paradise.org%3A6969,https://www.google.com/search?q=Io+Capitano&stick=H4sIAAAAAAAAAONgVuLVT9c3NCwxTCowLzI3AADoO-LkEQAAAA,https://yts.gg/assets/images/movies/io_capitano_2023/large-cover.jpg
The Fountain,movie,2006,7.1,"As a modern-day scientist, Tommy is struggling with mortality, desperately searching for the medical breakthrough that will save the life of his cancer-stricken wife, Izzi.",https://yts.gg/torrent/download/BA3E217C0963B169EC383888F7811AEE99ABED7E,magnet:?xt=urn:btih:BA3E217C0963B169EC383888F7811AEE99ABED7E&dn=The%20Fountain%20%5B1080p%5D&tr=udp%3A//open.demonii.com%3A1337/announce&tr=udp%3A//tracker.openbittorrent.com%3A80&tr=udp%3A//tracker.coppersurfer.tk%3A6969&tr=udp%3A//glotorrents.pw%3A6969/announce&tr=udp%3A//tracker.opentrackr.org%3A1337/announce&tr=udp%3A//torrent.gresille.org%3A80/announce&tr=udp%3A//p4p.arenabg.com%3A1337&tr=udp%3A//tracker.leechers-paradise.org%3A6969,https://yts.gg/torrent/download/EB557F482EB31F9A8E4729CDB4F1F44C57C7244C,magnet:?xt=urn:btih:EB557F482EB31F9A8E4729CDB4F1F44C57C7244C&dn=The%20Fountain%20%5B720p%5D&tr=udp%3A//open.demonii.com%3A1337/announce&tr=udp%3A//tracker.openbittorrent.com%3A80&tr=udp%3A//tracker.coppersurfer.tk%3A6969&tr=udp%3A//glotorrents.pw%3A6969/announce&tr=udp%3A//tracker.opentrackr.org%3A1337/announce&tr=udp%3A//torrent.gresille.org%3A80/announce&tr=udp%3A//p4p.arenabg.com%3A1337&tr=udp%3A//tracker.leechers-paradise.org%3A6969,https://www.google.com/search?q=The+Fountain&stick=H4sIAAAAAAAAAONgVuLUz9U3ME-pMioGALBxevENAAAA,https://yts.gg/assets/images/movies/The_Fountain_2006/large-cover.jpg
Shaitaan,movie,2024,6.5,"A family's getaway turns terrifying when an intruder possesses the teen daughter's body, putting her at the mercy of his increasingly sinister commands.",https://yts.gg/torrent/download/EF96761DC4A69599931F6ABCAEF323B4CCE0BA5F,magnet:?xt=urn:btih:EF96761DC4A69599931F6ABCAEF323B4CCE0BA5F&dn=Shaitaan%20%5B1080p%5D&tr=udp%3A//open.demonii.com%3A1337/announce&tr=udp%3A//tracker.openbittorrent.com%3A80&tr=udp%3A//tracker.coppersurfer.tk%3A6969&tr=udp%3A//glotorrents.pw%3A6969/announce&tr=udp%3A//tracker.opentrackr.org%3A1337/announce&tr=udp%3A//torrent.gresille.org%3A80/announce&tr=udp%3A//p4p.arenabg.com%3A1337&tr=udp%3A//tracker.leechers-paradise.org%3A6969,https://yts.gg/torrent/download/0A76F6410AA6BF781A3C76431CCD9414E64F9083,magnet:?xt=urn:btih:0A76F6410AA6BF781A3C76431CCD9414E64F9083&dn=Shaitaan%20%5B720p%5D&tr=udp%3A//open.demonii.com%3A1337/announce&tr=udp%3A//tracker.openbittorrent.com%3A80&tr=udp%3A//tracker.coppersurfer.tk%3A6969&tr=udp%3A//glotorrents.pw%3A6969/announce&tr=udp%3A//tracker.opentrackr.org%3A1337/announce&tr=udp%3A//torrent.gresille.org%3A80/announce&tr=udp%3A//p4p.arenabg.com%3A1337&tr=udp%3A//tracker.leechers-paradise.org%3A6969,https://www.google.com/search?q=Shaitaan&stick=H4sIAAAAAAAAAONgVuLVT9c3NMxJjs-KN0lPBwAlxXOoEQAAAA,https://yts.gg/assets/images/movies/shaitaan_2024/large-cover.jpg
The First Omen,movie,2024,6.5,"A young American woman is sent to Rome to begin a life of service to the church, but encounters a darkness that causes her to question her faith and uncovers a terrifying conspiracy that hopes to bring about the birth of evil incarnate.",https://yts.gg/torrent/download/A17119BAA346D14F2B83C23259C5220D64871968,magnet:?xt=urn:btih:A17119BAA346D14F2B83C23259C5220D64871968&dn=The%20First%20Omen%20%5B1080p%5D&tr=udp%3A//open.demonii.com%3A1337/announce&tr=udp%3A//tracker.openbittorrent.com%3A80&tr=udp%3A//tracker.coppersurfer.tk%3A6969&tr=udp%3A//glotorrents.pw%3A6969/announce&tr=udp%3A//tracker.opentrackr.org%3A1337/announce&tr=udp%3A//torrent.gresille.org%3A80/announce&tr=udp%3A//p4p.arenabg.com%3A1337&tr=udp%3A//tracker.leechers-paradise.org%3A6969,https://yts.gg/torrent/download/13439FEF3D5A778BF17A2A567D8E0985B5C5D43D,magnet:?xt=urn:btih:13439FEF3D5A778BF17A2A567D8E0985B5C5D43D&dn=The%20First%20Omen%20%5B720p%5D&tr=udp%3A//open.demonii.com%3A1337/announce&tr=udp%3A//tracker.openbittorrent.com%3A80&tr=udp%3A//tracker.coppersurfer.tk%3A6969&tr=udp%3A//glotorrents.pw%3A6969/announce&tr=udp%3A//tracker.opentrackr.org%3A1337/announce&tr=udp%3A//torrent.gresille.org%3A80/announce&tr=udp%3A//p4p.arenabg.com%3A1337&tr=udp%3A//tracker.leechers-paradise.org%3A6969,https://www.google.com/search?q=The+First+Omen&stick=H4sIAAAAAAAAAONgVuLVT9c3NCwuLi_IyjM2AwDTKPzPEQAAAA,https://yts.gg/assets/images/movies/the_first_omen_2024/large-cover.jpg
The Idea of You,movie,2024,6.3,"Solène, a 40-year-old single mom, begins an unexpected romance with 24-year-old Hayes Campbell, the lead singer of August Moon, the hottest boy band on the planet.",https://yts.gg/torrent/download/52E2B073E3BAFBC59822A2C52336B09F4F44F384,magnet:?xt=urn:btih:52E2B073E3BAFBC59822A2C52336B09F4F44F384&dn=The%20Idea%20of%20You%20%5B1080p%5D&tr=udp%3A//open.demonii.com%3A1337/announce&tr=udp%3A//tracker.openbittorrent.com%3A80&tr=udp%3A//tracker.coppersurfer.tk%3A6969&tr=udp%3A//glotorrents.pw%3A6969/announce&tr=udp%3A//tracker.opentrackr.org%3A1337/announce&tr=udp%3A//torrent.gresille.org%3A80/announce&tr=udp%3A//p4p.arenabg.com%3A1337&tr=udp%3A//tracker.leechers-paradise.org%3A6969,https://yts.gg/torrent/download/FEDDF08445D9D9DC3166812BBED0B930AC007F34,magnet:?xt=urn:btih:FEDDF08445D9D9DC3166812BBED0B930AC007F34&dn=The%20Idea%20of%20You%20%5B720p%5D&tr=udp%3A//open.demonii.com%3A1337/announce&tr=udp%3A//tracker.openbittorrent.com%3A80&tr=udp%3A//tracker.coppersurfer.tk%3A6969&tr=udp%3A//glotorrents.pw%3A6969/announce&tr=udp%3A//tracker.opentrackr.org%3A1337/announce&tr=udp%3A//torrent.gresille.org%3A80/announce&tr=udp%3A//p4p.arenabg.com%3A1337&tr=udp%3A//tracker.leechers-paradise.org%3A6969,https://www.google.com/search?q=The+Idea+of+You&stick=H4sIAAAAAAAAAONgVuLVT9c3NCzJKjBNzorPAwBtBZBsEQAAAA,https://yts.gg/assets/images/movies/the_idea_of_you_2024/large-cover.jpg
Sharper,movie,2023,6.7,Motivations are suspect and expectations are turned to chaos as a con artist takes on Manhattan billionaires.,https://yts.gg/torrent/download/9D49B03939A3C897684CF25462E05427B99E7E8D,magnet:?xt=urn:btih:9D49B03939A3C897684CF25462E05427B99E7E8D&dn=Sharper%20%5B1080p%5D&tr=udp%3A//open.demonii.com%3A1337/announce&tr=udp%3A//tracker.openbittorrent.com%3A80&tr=udp%3A//tracker.coppersurfer.tk%3A6969&tr=udp%3A//glotorrents.pw%3A6969/announce&tr=udp%3A//tracker.opentrackr.org%3A1337/announce&tr=udp%3A//torrent.gresille.org%3A80/announce&tr=udp%3A//p4p.arenabg.com%3A1337&tr=udp%3A//tracker.leechers-paradise.org%3A6969,https://yts.gg/torrent/download/560F3B9BF7FB1D8D1E81528CE9ED288C337B2DE3,magnet:?xt=urn:btih:560F3B9BF7FB1D8D1E81528CE9ED288C337B2DE3&dn=Sharper%20%5B720p%5D&tr=udp%3A//open.demonii.com%3A1337/announce&tr=udp%3A//tracker.openbittorrent.com%3A80&tr=udp%3A//tracker.coppersurfer.tk%3A6969&tr=udp%3A//glotorrents.pw%3A6969/announce&tr=udp%3A//tracker.opentrackr.org%3A1337/announce&tr=udp%3A//torrent.gresille.org%3A80/announce&tr=udp%3A//p4p.arenabg.com%3A1337&tr=udp%3A//tracker.leechers-paradise.org%3A6969,https://www.google.com/search?q=Sharper&stick=H4sIAAAAAAAAAONgVuLVT9c3NCwwNDUss0grBAD5Vm7oEQAAAA,https://yts.gg/assets/images/movies/sharper_2023/large-cover.jpg
Silenced,movie,2022,5.9,"When Marina crosses the door of the police station, it's because she has finally found the courage to file a complaint against her ex-partner for rape.",https://yts.gg/torrent/download/91A308112640FC21F4CE2369C3D516FA85053B5A,magnet:?xt=urn:btih:91A308112640FC21F4CE2369C3D516FA85053B5A&dn=Apr%C3%A8s%20le%20silence%20%5B1080p%5D&tr=udp%3A//open.demonii.com%3A1337/announce&tr=udp%3A//tracker.openbittorrent.com%3A80&tr=udp%3A//tracker.coppersurfer.tk%3A6969&tr=udp%3A//glotorrents.pw%3A6969/announce&tr=udp%3A//tracker.opentrackr.org%3A1337/announce&tr=udp%3A//torrent.gresille.org%3A80/announce&tr=udp%3A//p4p.arenabg.com%3A1337&tr=udp%3A//tracker.leechers-paradise.org%3A6969,https://yts.gg/torrent/download/25BEE1CCFCBF764EE038CCBC41A29F25B93F527F,magnet:?xt=urn:btih:25BEE1CCFCBF764EE038CCBC41A29F25B93F527F&dn=Apr%C3%A8s%20le%20silence%20%5B720p%5D&tr=udp%3A//open.demonii.com%3A1337/announce&tr=udp%3A//tracker.openbittorrent.com%3A80&tr=udp%3A//tracker.coppersurfer.tk%3A6969&tr=udp%3A//glotorrents.pw%3A6969/announce&tr=udp%3A//tracker.opentrackr.org%3A1337/announce&tr=udp%3A//torrent.gresille.org%3A80/announce&tr=udp%3A//p4p.arenabg.com%3A1337&tr=udp%3A//tracker.leechers-paradise.org%3A6969,https://www.google.com/search?q=Silenced&stick=H4sIAAAAAAAAAONgVuLSz9U3yDAuSEkvAACH_byODgAAAA,https://yts.gg/assets/images/movies/apres_le_silence_2022/large-cover.jpg
Paan Singh Tomar,movie,2012,8.2,"The story of Paan Singh Tomar, an Indian athlete and seven-time national steeplechase champion who becomes one of the most feared criminals in Chambal Valley after his retirement.",https://yts.gg/torrent/download/727F00EA8B97902DEF39628A95EB871490AA25E8,magnet:?xt=urn:btih:727F00EA8B97902DEF39628A95EB871490AA25E8&dn=Paan%20Singh%20Tomar%20%5B1080p%5D&tr=udp%3A//open.demonii.com%3A1337/announce&tr=udp%3A//tracker.openbittorrent.com%3A80&tr=udp%3A//tracker.coppersurfer.tk%3A6969&tr=udp%3A//glotorrents.pw%3A6969/announce&tr=udp%3A//tracker.opentrackr.org%3A1337/announce&tr=udp%3A//torrent.gresille.org%3A80/announce&tr=udp%3A//p4p.arenabg.com%3A1337&tr=udp%3A//tracker.leechers-paradise.org%3A6969,https://yts.gg/torrent/download/B259605F5E13782D77390D5ED2B363C4C91D72F6,magnet:?xt=urn:btih:B259605F5E13782D77390D5ED2B363C4C91D72F6&dn=Paan%20Singh%20Tomar%20%5B720p%5D&tr=udp%3A//open.demonii.com%3A1337/announce&tr=udp%3A//tracker.openbittorrent.com%3A80&tr=udp%3A//tracker.coppersurfer.tk%3A6969&tr=udp%3A//glotorrents.pw%3A6969/announce&tr=udp%3A//tracker.opentrackr.org%3A1337/announce&tr=udp%3A//torrent.gresille.org%3A80/announce&tr=udp%3A//p4p.arenabg.com%3A1337&tr=udp%3A//tracker.leechers-paradise.org%3A6969,https://www.google.com/search?q=Paan+Singh+Tomar&stick=H4sIAAAAAAAAAONgVuLSz9U3MM2LL6moAgBMFtc3DgAAAA,https://yts.gg/assets/images/movies/paan_singh_tomar_2012/large-cover.jpg
Robin Hood,movie,1922,7,A nobleman becomes the vigilante Robin Hood who protects the oppressed English people from the tyrannical Prince John.,https://yts.gg/torrent/download/4719E4CBEAA8FF068915642CBCE048E65D0C76BF,magnet:?xt=urn:btih:4719E4CBEAA8FF068915642CBCE048E65D0C76BF&dn=Robin%20Hood%20%5B1080p%5D&tr=udp%3A//open.demonii.com%3A1337/announce&tr=udp%3A//tracker.openbittorrent.com%3A80&tr=udp%3A//tracker.coppersurfer.tk%3A6969&tr=udp%3A//glotorrents.pw%3A6969/announce&tr=udp%3A//tracker.opentrackr.org%3A1337/announce&tr=udp%3A//torrent.gresille.org%3A80/announce&tr=udp%3A//p4p.arenabg.com%3A1337&tr=udp%3A//tracker.leechers-paradise.org%3A6969,https://yts.gg/torrent/download/7B3196885D2F0BBE6227E5C13949C10B4E5204A6,magnet:?xt=urn:btih:7B3196885D2F0BBE6227E5C13949C10B4E5204A6&dn=Robin%20Hood%20%5B720p%5D&tr=udp%3A//open.demonii.com%3A1337/announce&tr=udp%3A//tracker.openbittorrent.com%3A80&tr=udp%3A//tracker.coppersurfer.tk%3A6969&tr=udp%3A//glotorrents.pw%3A6969/announce&tr=udp%3A//tracker.opentrackr.org%3A1337/announce&tr=udp%3A//torrent.gresille.org%3A80/announce&tr=udp%3A//p4p.arenabg.com%3A1337&tr=udp%3A//tracker.leechers-paradise.org%3A6969,https://www.google.com/search?q=Robin+Hood&stick=H4sIAAAAAAAAAONgVuLSz9U3MC20NCs0AwCcUZwWDgAAAA,https://yts.gg/assets/images/movies/robin_hood_1922/large-cover.jpg
Three Monkeys,,,,,,,,,https://www.google.com/search?q=Three+Monkeys&stick=H4sIAAAAAAAAAONgVuLSz9U3MDEzzjBKAQCgyb1gDgAAAA,
Ran,movie,2019,5,"In Fraserburgh, young men dream of escapism through late-night drag races. Finnie used to be one, but now he works at the fish factory and it's his son's turn to race. Until one night he steals the boy's car for one last joyride.",https://yts.gg/torrent/download/8628173477B4D34C973A32F4E86091B0D32AEFE8,magnet:?xt=urn:btih:8628173477B4D34C973A32F4E86091B0D32AEFE8&dn=Run%20%5B1080p%5D&tr=udp%3A//open.demonii.com%3A1337/announce&tr=udp%3A//tracker.openbittorrent.com%3A80&tr=udp%3A//tracker.coppersurfer.tk%3A6969&tr=udp%3A//glotorrents.pw%3A6969/announce&tr=udp%3A//tracker.opentrackr.org%3A1337/announce&tr=udp%3A//torrent.gresille.org%3A80/announce&tr=udp%3A//p4p.arenabg.com%3A1337&tr=udp%3A//tracker.leechers-paradise.org%3A6969,https://yts.gg/torrent/download/0DECF30B727550109D350BEB6135B81C2DC3B1D2,magnet:?xt=urn:btih:0DECF30B727550109D350BEB6135B81C2DC3B1D2&dn=Run%20%5B720p%5D&tr=udp%3A//open.demonii.com%3A1337/announce&tr=udp%3A//tracker.openbittorrent.com%3A80&tr=udp%3A//tracker.coppersurfer.tk%3A6969&tr=udp%3A//glotorrents.pw%3A6969/announce&tr=udp%3A//tracker.opentrackr.org%3A1337/announce&tr=udp%3A//torrent.gresille.org%3A80/announce&tr=udp%3A//p4p.arenabg.com%3A1337&tr=udp%3A//tracker.leechers-paradise.org%3A6969,https://www.google.com/search?q=Ran&stick=H4sIAAAAAAAAAONgVuLQz9U3yDbKNQMAUDSGXQwAAAA,https://yts.gg/assets/images/movies/run_2019/large-cover.jpg
The Regime,,,,,,,,,https://www.google.com/search?q=The+Regime&stick=H4sIAAAAAAAAAONgVuLVT9c3NMxOqkwuiy-yAADWLf2NEQAAAA,
Memoirs of a Murderer,,,,"Memoirs of a Murderer , also known as Confession of Murder, is a 2017 Japanese detective thriller film that is a remake of the 2012 South Korean film Confession of Murder. The film was directed by Yū Irie and stars Tatsuya Fujiwara as Sonezaki and Hideaki Itō as Ko Makimura.",,,,,https://www.google.com/search?q=Memoirs+of+a+Murderer&stick=H4sIAAAAAAAAAONgVuLVT9c3NEw3K0ouSMlOBgA3ceMNEQAAAA,
Traffic,movie,2017,5.8,"In this story inspired by real characters, three girls from America, Nigeria and India are trafficked through an elaborate global network and enslaved in a Texas brothel, and must together attempt a daring escape to reclaim their freedom.",https://yts.gg/torrent/download/A2D3193C60239F0340C3392FE90A4E8657ECB8F8,magnet:?xt=urn:btih:A2D3193C60239F0340C3392FE90A4E8657ECB8F8&dn=Trafficked%20%5B1080p%5D&tr=udp%3A//open.demonii.com%3A1337/announce&tr=udp%3A//tracker.openbittorrent.com%3A80&tr=udp%3A//tracker.coppersurfer.tk%3A6969&tr=udp%3A//glotorrents.pw%3A6969/announce&tr=udp%3A//tracker.opentrackr.org%3A1337/announce&tr=udp%3A//torrent.gresille.org%3A80/announce&tr=udp%3A//p4p.arenabg.com%3A1337&tr=udp%3A//tracker.leechers-paradise.org%3A6969,https://yts.gg/torrent/download/5813E58B58EDDA8710BF0CB5CA3E47A254B7E2EC,magnet:?xt=urn:btih:5813E58B58EDDA8710BF0CB5CA3E47A254B7E2EC&dn=Trafficked%20%5B720p%5D&tr=udp%3A//open.demonii.com%3A1337/announce&tr=udp%3A//tracker.openbittorrent.com%3A80&tr=udp%3A//tracker.coppersurfer.tk%3A6969&tr=udp%3A//glotorrents.pw%3A6969/announce&tr=udp%3A//tracker.opentrackr.org%3A1337/announce&tr=udp%3A//torrent.gresille.org%3A80/announce&tr=udp%3A//p4p.arenabg.com%3A1337&tr=udp%3A//tracker.leechers-paradise.org%3A6969,https://www.google.com/search?q=Traffic&stick=H4sIAAAAAAAAAONgVuLQz9U3sEwusgAAZ5QeewwAAAA,https://yts.gg/assets/images/movies/trafficked_2017/large-cover.jpg
No Mercy,movie,1986,5.7,"A Chicago detective, seeking to avenge his partner's death, travels to New Orleans where he unexpectedly becomes involved in a cat and mouse game of survival.",https://yts.gg/torrent/download/7203D7FB8A925F95C75E5B1F2F837F0E2AE6DC53,magnet:?xt=urn:btih:7203D7FB8A925F95C75E5B1F2F837F0E2AE6DC53&dn=No%20Mercy%20%5B1080p%5D&tr=udp%3A//open.demonii.com%3A1337/announce&tr=udp%3A//tracker.openbittorrent.com%3A80&tr=udp%3A//tracker.coppersurfer.tk%3A6969&tr=udp%3A//glotorrents.pw%3A6969/announce&tr=udp%3A//tracker.opentrackr.org%3A1337/announce&tr=udp%3A//torrent.gresille.org%3A80/announce&tr=udp%3A//p4p.arenabg.com%3A1337&tr=udp%3A//tracker.leechers-paradise.org%3A6969,https://yts.gg/torrent/download/21734839EF63269A1AA0ACE0D4E5B3BACF16A230,magnet:?xt=urn:btih:21734839EF63269A1AA0ACE0D4E5B3BACF16A230&dn=No%20Mercy%20%5B720p%5D&tr=udp%3A//open.demonii.com%3A1337/announce&tr=udp%3A//tracker.openbittorrent.com%3A80&tr=udp%3A//tracker.coppersurfer.tk%3A6969&tr=udp%3A//glotorrents.pw%3A6969/announce&tr=udp%3A//tracker.opentrackr.org%3A1337/announce&tr=udp%3A//torrent.gresille.org%3A80/announce&tr=udp%3A//p4p.arenabg.com%3A1337&tr=udp%3A//tracker.leechers-paradise.org%3A6969,https://www.google.com/search?q=No+Mercy&stick=H4sIAAAAAAAAAONgVuLSz9U3SM8uyjO2BABh58ABDgAAAA,https://yts.gg/assets/images/movies/no_mercy_1986/large-cover.jpg
Jack the Giant Slayer,movie,2013,6.3,"The ancient war between humans and a race of giants is reignited when Jack, a young farmhand fighting for a kingdom and the love of a princess, opens a gateway between the two worlds.",https://yts.gg/torrent/download/1A94F13B7732358840456C7792D8AE426A375EE8,magnet:?xt=urn:btih:1A94F13B7732358840456C7792D8AE426A375EE8&dn=Jack%20the%20Giant%20Slayer%20%5B1080p%5D&tr=udp%3A//open.demonii.com%3A1337/announce&tr=udp%3A//tracker.openbittorrent.com%3A80&tr=udp%3A//tracker.coppersurfer.tk%3A6969&tr=udp%3A//glotorrents.pw%3A6969/announce&tr=udp%3A//tracker.opentrackr.org%3A1337/announce&tr=udp%3A//torrent.gresille.org%3A80/announce&tr=udp%3A//p4p.arenabg.com%3A1337&tr=udp%3A//tracker.leechers-paradise.org%3A6969,https://yts.gg/torrent/download/49C1D425FEB2DF07C2128F3691DA65052B0022F3,magnet:?xt=urn:btih:49C1D425FEB2DF07C2128F3691DA65052B0022F3&dn=Jack%20the%20Giant%20Slayer%20%5B720p%5D&tr=udp%3A//open.demonii.com%3A1337/announce&tr=udp%3A//tracker.openbittorrent.com%3A80&tr=udp%3A//tracker.coppersurfer.tk%3A6969&tr=udp%3A//glotorrents.pw%3A6969/announce&tr=udp%3A//tracker.opentrackr.org%3A1337/announce&tr=udp%3A//torrent.gresille.org%3A80/announce&tr=udp%3A//p4p.arenabg.com%3A1337&tr=udp%3A//tracker.leechers-paradise.org%3A6969,https://www.google.com/search?q=Jack+the+Giant+Slayer&stick=H4sIAAAAAAAAAONgVuLSz9U3SM8pLDdIBgBJ5zESDgAAAA,https://yts.gg/assets/images/movies/Jack_the_Giant_Slayer_2013/large-cover.jpg
Blizzard of Souls,,,,,,,,,https://www.google.com/search?q=Blizzard+of+Souls&stick=H4sIAAAAAAAAAONgVuLVT9c3NEyvTDYyrkpLAQCl0YrGEQAAAA,
Hereafter,movie,2010,6.5,"An American factory worker, a French journalist and a London school boy set out on a spiritual journey after death touches their lives in different ways.",https://yts.gg/torrent/download/05EF9AAA1DB88EBBC1E0D103CBB791C9AC5C820A,magnet:?xt=urn:btih:05EF9AAA1DB88EBBC1E0D103CBB791C9AC5C820A&dn=Hereafter%20%5B1080p%5D&tr=udp%3A//open.demonii.com%3A1337/announce&tr=udp%3A//tracker.openbittorrent.com%3A80&tr=udp%3A//tracker.coppersurfer.tk%3A6969&tr=udp%3A//glotorrents.pw%3A6969/announce&tr=udp%3A//tracker.opentrackr.org%3A1337/announce&tr=udp%3A//torrent.gresille.org%3A80/announce&tr=udp%3A//p4p.arenabg.com%3A1337&tr=udp%3A//tracker.leechers-paradise.org%3A6969,https://yts.gg/torrent/download/EE9B2674AC5F30F5C88CDF33B447D21852EA3A9B,magnet:?xt=urn:btih:EE9B2674AC5F30F5C88CDF33B447D21852EA3A9B&dn=Hereafter%20%5B720p%5D&tr=udp%3A//open.demonii.com%3A1337/announce&tr=udp%3A//tracker.openbittorrent.com%3A80&tr=udp%3A//tracker.coppersurfer.tk%3A6969&tr=udp%3A//glotorrents.pw%3A6969/announce&tr=udp%3A//tracker.opentrackr.org%3A1337/announce&tr=udp%3A//torrent.gresille.org%3A80/announce&tr=udp%3A//p4p.arenabg.com%3A1337&tr=udp%3A//tracker.leechers-paradise.org%3A6969,https://www.google.com/search?q=Hereafter&stick=H4sIAAAAAAAAAONgVuLSz9U3sExPyTDLBgCL01l7DgAAAA,https://yts.gg/assets/images/movies/Hereafter_2010/large-cover.jpg
Lady Vengeance,,,,,,,,,https://www.google.com/search?q=Lady+Vengeance&stick=H4sIAAAAAAAAAONgVuLUz9U3MC0xyTAEAOdAIXkNAAAA,
American Gangster,movie,2007,7.8,An outcast New York City cop is charged with bringing down Harlem drug lord Frank Lucas.,https://yts.gg/torrent/download/76A041E15063EFE88DE244742A58482430C41800,magnet:?xt=urn:btih:76A041E15063EFE88DE244742A58482430C41800&dn=American%20Gangster%20%5B1080p%5D&tr=udp%3A//open.demonii.com%3A1337/announce&tr=udp%3A//tracker.openbittorrent.com%3A80&tr=udp%3A//tracker.coppersurfer.tk%3A6969&tr=udp%3A//glotorrents.pw%3A6969/announce&tr=udp%3A//tracker.opentrackr.org%3A1337/announce&tr=udp%3A//torrent.gresille.org%3A80/announce&tr=udp%3A//p4p.arenabg.com%3A1337&tr=udp%3A//tracker.leechers-paradise.org%3A6969,https://yts.gg/torrent/download/B787065E79723CF42FD60423004A4F5348EFEA79,magnet:?xt=urn:btih:B787065E79723CF42FD60423004A4F5348EFEA79&dn=American%20Gangster%20%5B720p%5D&tr=udp%3A//open.demonii.com%3A1337/announce&tr=udp%3A//tracker.openbittorrent.com%3A80&tr=udp%3A//tracker.coppersurfer.tk%3A6969&tr=udp%3A//glotorrents.pw%3A6969/announce&tr=udp%3A//tracker.opentrackr.org%3A1337/announce&tr=udp%3A//torrent.gresille.org%3A80/announce&tr=udp%3A//p4p.arenabg.com%3A1337&tr=udp%3A//tracker.leechers-paradise.org%3A6969,https://www.google.com/search?q=American+Gangster&stick=H4sIAAAAAAAAAONgVuLUz9U3SK6Kr8wFALEXK1sNAAAA,https://yts.gg/assets/images/movies/American_Gangster_2007/large-cover.jpg
Dragon Ball Z: Wrath of the Dragon,,,,,,,,,https://www.google.com/search?q=Dragon+Ball+Z:+Wrath+of+the+Dragon&stick=H4sIAAAAAAAAAONgVuLUz9U3MLMozE4CABTBXUANAAAA,
Bone Tomahawk,movie,2015,7.1,"In the Old West, a small-town sheriff and his rag-tag posse set out to rescue several townspeople from a brutal cave-dwelling, cannibalistic Indian tribe.",https://yts.gg/torrent/download/CF408C8EBB95BB195F027F78E6300B66621C28DB,magnet:?xt=urn:btih:CF408C8EBB95BB195F027F78E6300B66621C28DB&dn=Bone%20Tomahawk%20%5B1080p%5D&tr=udp%3A//open.demonii.com%3A1337/announce&tr=udp%3A//tracker.openbittorrent.com%3A80&tr=udp%3A//tracker.coppersurfer.tk%3A6969&tr=udp%3A//glotorrents.pw%3A6969/announce&tr=udp%3A//tracker.opentrackr.org%3A1337/announce&tr=udp%3A//torrent.gresille.org%3A80/announce&tr=udp%3A//p4p.arenabg.com%3A1337&tr=udp%3A//tracker.leechers-paradise.org%3A6969,https://yts.gg/torrent/download/66138694FB5143CB9A5668046D692B682E39BF51,magnet:?xt=urn:btih:66138694FB5143CB9A5668046D692B682E39BF51&dn=Bone%20Tomahawk%20%5B720p%5D&tr=udp%3A//open.demonii.com%3A1337/announce&tr=udp%3A//tracker.openbittorrent.com%3A80&tr=udp%3A//tracker.coppersurfer.tk%3A6969&tr=udp%3A//glotorrents.pw%3A6969/announce&tr=udp%3A//tracker.opentrackr.org%3A1337/announce&tr=udp%3A//torrent.gresille.org%3A80/announce&tr=udp%3A//p4p.arenabg.com%3A1337&tr=udp%3A//tracker.leechers-paradise.org%3A6969,https://www.google.com/search?q=Bone+Tomahawk&stick=H4sIAAAAAAAAAONgVuLSz9U3KLM0TMlJAwAP1VjJDgAAAA,https://yts.gg/assets/images/movies/bone_tomahawk_2015/large-cover.jpg
Swallow,movie,2021,4.2,"A naive secretary whom after a series of career woes, considers her roommate's offer to work as a drug mule in mid-1980s Lagos.",https://yts.gg/torrent/download/788C5BB8B74163AB96091F04889812D4CABB46B5,magnet:?xt=urn:btih:788C5BB8B74163AB96091F04889812D4CABB46B5&dn=Swallow%20%5B1080p%5D&tr=udp%3A//open.demonii.com%3A1337/announce&tr=udp%3A//tracker.openbittorrent.com%3A80&tr=udp%3A//tracker.coppersurfer.tk%3A6969&tr=udp%3A//glotorrents.pw%3A6969/announce&tr=udp%3A//tracker.opentrackr.org%3A1337/announce&tr=udp%3A//torrent.gresille.org%3A80/announce&tr=udp%3A//p4p.arenabg.com%3A1337&tr=udp%3A//tracker.leechers-paradise.org%3A6969,https://yts.gg/torrent/download/D71B7F54E4E8F6B918B686EE03A99C685DE2803D,magnet:?xt=urn:btih:D71B7F54E4E8F6B918B686EE03A99C685DE2803D&dn=Swallow%20%5B720p%5D&tr=udp%3A//open.demonii.com%3A1337/announce&tr=udp%3A//tracker.openbittorrent.com%3A80&tr=udp%3A//tracker.coppersurfer.tk%3A6969&tr=udp%3A//glotorrents.pw%3A6969/announce&tr=udp%3A//tracker.opentrackr.org%3A1337/announce&tr=udp%3A//torrent.gresille.org%3A80/announce&tr=udp%3A//p4p.arenabg.com%3A1337&tr=udp%3A//tracker.leechers-paradise.org%3A6969,https://www.google.com/search?q=Swallow&stick=H4sIAAAAAAAAAONgVuLVT9c3NEw3SE_JTS9IAwA7BWH2EQAAAA,https://yts.gg/assets/images/movies/swallow_2021/large-cover.jpg
Road to Perdition,movie,2002,7.6,"A mob enforcer's son in 1930s Illinois witnesses a murder, forcing him and his father to take to the road, and his father down a path of redemption and revenge.",https://yts.gg/torrent/download/263EC697CB1AC65EC1E6B59752A0C448902ECDA6,magnet:?xt=urn:btih:263EC697CB1AC65EC1E6B59752A0C448902ECDA6&dn=Road%20to%20Perdition%20%5B1080p%5D&tr=udp%3A//open.demonii.com%3A1337/announce&tr=udp%3A//tracker.openbittorrent.com%3A80&tr=udp%3A//tracker.coppersurfer.tk%3A6969&tr=udp%3A//glotorrents.pw%3A6969/announce&tr=udp%3A//tracker.opentrackr.org%3A1337/announce&tr=udp%3A//torrent.gresille.org%3A80/announce&tr=udp%3A//p4p.arenabg.com%3A1337&tr=udp%3A//tracker.leechers-paradise.org%3A6969,https://yts.gg/torrent/download/94DEE59143B2584418DB029D0A366B97EFEAE49F,magnet:?xt=urn:btih:94DEE59143B2584418DB029D0A366B97EFEAE49F&dn=Road%20to%20Perdition%20%5B720p%5D&tr=udp%3A//open.demonii.com%3A1337/announce&tr=udp%3A//tracker.openbittorrent.com%3A80&tr=udp%3A//tracker.coppersurfer.tk%3A6969&tr=udp%3A//glotorrents.pw%3A6969/announce&tr=udp%3A//tracker.opentrackr.org%3A1337/announce&tr=udp%3A//torrent.gresille.org%3A80/announce&tr=udp%3A//p4p.arenabg.com%3A1337&tr=udp%3A//tracker.leechers-paradise.org%3A6969,https://www.google.com/search?q=Road+to+Perdition&stick=H4sIAAAAAAAAAONgVuLUz9U3MKy0LDICAMgGN18NAAAA,https://yts.gg/assets/images/movies/Road_to_Perdition_2002/large-cover.jpg
You've Got Mail,movie,1998,6.7,"Book superstore magnate Joe Fox and independent book shop owner Kathleen Kelly fall in love in the anonymity of the Internet, both blissfully unaware that he's trying to put her out of business.",https://yts.gg/torrent/download/B6F6F4CA8947E9C4C8BD531C715A8826A2C109B4,magnet:?xt=urn:btih:B6F6F4CA8947E9C4C8BD531C715A8826A2C109B4&dn=You%27ve%20Got%20Mail%20%5B1080p%5D&tr=udp%3A//open.demonii.com%3A1337/announce&tr=udp%3A//tracker.openbittorrent.com%3A80&tr=udp%3A//tracker.coppersurfer.tk%3A6969&tr=udp%3A//glotorrents.pw%3A6969/announce&tr=udp%3A//tracker.opentrackr.org%3A1337/announce&tr=udp%3A//torrent.gresille.org%3A80/announce&tr=udp%3A//p4p.arenabg.com%3A1337&tr=udp%3A//tracker.leechers-paradise.org%3A6969,https://yts.gg/torrent/download/CCE1C3814422618FA9DD80CF759A7376821DA2CB,magnet:?xt=urn:btih:CCE1C3814422618FA9DD80CF759A7376821DA2CB&dn=You%27ve%20Got%20Mail%20%5B720p%5D&tr=udp%3A//open.demonii.com%3A1337/announce&tr=udp%3A//tracker.openbittorrent.com%3A80&tr=udp%3A//tracker.coppersurfer.tk%3A6969&tr=udp%3A//glotorrents.pw%3A6969/announce&tr=udp%3A//tracker.opentrackr.org%3A1337/announce&tr=udp%3A//torrent.gresille.org%3A80/announce&tr=udp%3A//p4p.arenabg.com%3A1337&tr=udp%3A//tracker.leechers-paradise.org%3A6969,https://www.google.com/search?q=You%27ve+Got+Mail&stick=H4sIAAAAAAAAAONgVuLUz9U3MDSpKk8CAAAQiVINAAAA,https://yts.gg/assets/images/movies/Youve_Got_Mail_1998/large-cover.jpg
The Words,movie,2014,6.5,"Ivan Cutler is a man on a mission - he spreads the good word throughout the town lands of Ireland in the 1950s. But he hides a sinister secret - he has a penchant for murdering those who are kind enough to invite him into their homes. However, when he calls to the rural farmhouse of Ma and Da Taggart, he meets two people who prove more than a match for him.",https://yts.gg/torrent/download/E46CBCD6D163C44A6C8595AC00FFAA593EB4D6CA,magnet:?xt=urn:btih:E46CBCD6D163C44A6C8595AC00FFAA593EB4D6CA&dn=The%20Good%20Word%20%5B1080p%5D&tr=udp%3A//open.demonii.com%3A1337/announce&tr=udp%3A//tracker.openbittorrent.com%3A80&tr=udp%3A//tracker.coppersurfer.tk%3A6969&tr=udp%3A//glotorrents.pw%3A6969/announce&tr=udp%3A//tracker.opentrackr.org%3A1337/announce&tr=udp%3A//torrent.gresille.org%3A80/announce&tr=udp%3A//p4p.arenabg.com%3A1337&tr=udp%3A//tracker.leechers-paradise.org%3A6969,https://yts.gg/torrent/download/F54153C3E70080A301556ACB93C9E8A0A9C624A4,magnet:?xt=urn:btih:F54153C3E70080A301556ACB93C9E8A0A9C624A4&dn=The%20Good%20Word%20%5B720p%5D&tr=udp%3A//open.demonii.com%3A1337/announce&tr=udp%3A//tracker.openbittorrent.com%3A80&tr=udp%3A//tracker.coppersurfer.tk%3A6969&tr=udp%3A//glotorrents.pw%3A6969/announce&tr=udp%3A//tracker.opentrackr.org%3A1337/announce&tr=udp%3A//torrent.gresille.org%3A80/announce&tr=udp%3A//p4p.arenabg.com%3A1337&tr=udp%3A//tracker.leechers-paradise.org%3A6969,https://www.google.com/search?q=The+Words&stick=H4sIAAAAAAAAAONgVuLSz9U3yDA2zzM1BAAFVr4MDgAAAA,https://yts.gg/assets/images/movies/the_good_word_2014/large-cover.jpg
The Blind Side,movie,2009,7.6,"The story of Michael Oher, a homeless and traumatized boy who became an All-American football player and first-round NFL draft pick with the help of a caring woman and her family.",https://yts.gg/torrent/download/1DEDD589022AD1D9C4578178E23A4DFB57C7CD00,magnet:?xt=urn:btih:1DEDD589022AD1D9C4578178E23A4DFB57C7CD00&dn=The%20Blind%20Side%20%5B1080p%5D&tr=udp%3A//open.demonii.com%3A1337/announce&tr=udp%3A//tracker.openbittorrent.com%3A80&tr=udp%3A//tracker.coppersurfer.tk%3A6969&tr=udp%3A//glotorrents.pw%3A6969/announce&tr=udp%3A//tracker.opentrackr.org%3A1337/announce&tr=udp%3A//torrent.gresille.org%3A80/announce&tr=udp%3A//p4p.arenabg.com%3A1337&tr=udp%3A//tracker.leechers-paradise.org%3A6969,https://yts.gg/torrent/download/4763E39B80EDDFF034E963282BFFBD49C4A480D4,magnet:?xt=urn:btih:4763E39B80EDDFF034E963282BFFBD49C4A480D4&dn=The%20Blind%20Side%20%5B720p%5D&tr=udp%3A//open.demonii.com%3A1337/announce&tr=udp%3A//tracker.openbittorrent.com%3A80&tr=udp%3A//tracker.coppersurfer.tk%3A6969&tr=udp%3A//glotorrents.pw%3A6969/announce&tr=udp%3A//tracker.opentrackr.org%3A1337/announce&tr=udp%3A//torrent.gresille.org%3A80/announce&tr=udp%3A//p4p.arenabg.com%3A1337&tr=udp%3A//tracker.leechers-paradise.org%3A6969,https://www.google.com/search?q=The+Blind+Side&stick=H4sIAAAAAAAAAONgVuLSz9U3MK2qNC5OBgCiPaTVDgAAAA,https://yts.gg/assets/images/movies/The_Blind_Side_2009/large-cover.jpg
Backcountry,movie,2014,6,An urban couple goes camping in the woods and find themselves lost in the territory of a predatory black bear.,https://yts.gg/torrent/download/BBF2466ABFDDF0E2A705A75B2626B91F2ED7BC73,magnet:?xt=urn:btih:BBF2466ABFDDF0E2A705A75B2626B91F2ED7BC73&dn=Backcountry%20%5B1080p%5D&tr=udp%3A//open.demonii.com%3A1337/announce&tr=udp%3A//tracker.openbittorrent.com%3A80&tr=udp%3A//tracker.coppersurfer.tk%3A6969&tr=udp%3A//glotorrents.pw%3A6969/announce&tr=udp%3A//tracker.opentrackr.org%3A1337/announce&tr=udp%3A//torrent.gresille.org%3A80/announce&tr=udp%3A//p4p.arenabg.com%3A1337&tr=udp%3A//tracker.leechers-paradise.org%3A6969,https://yts.gg/torrent/download/33BFA853572EAF2E0B50D86A896C679350B32D51,magnet:?xt=urn:btih:33BFA853572EAF2E0B50D86A896C679350B32D51&dn=Backcountry%20%5B720p%5D&tr=udp%3A//open.demonii.com%3A1337/announce&tr=udp%3A//tracker.openbittorrent.com%3A80&tr=udp%3A//tracker.coppersurfer.tk%3A6969&tr=udp%3A//glotorrents.pw%3A6969/announce&tr=udp%3A//tracker.opentrackr.org%3A1337/announce&tr=udp%3A//torrent.gresille.org%3A80/announce&tr=udp%3A//p4p.arenabg.com%3A1337&tr=udp%3A//tracker.leechers-paradise.org%3A6969,https://www.google.com/search?q=Backcountry&stick=H4sIAAAAAAAAAONgVuLWz9U3MDQssTTOLQAAAO5LyQ8AAAA,https://yts.gg/assets/images/movies/backcountry_2014/large-cover.jpg
Rumble Through the Dark,movie,2023,5.5,"In the dark landscape of the Mississippi Delta, a bare knuckle cage fighter seeks to repay his debts in a final, desperate attempt to salvage the family home of his dying foster mother.",https://yts.gg/torrent/download/9BAC902F0A504EE953C83CCC070CF9A04875C111,magnet:?xt=urn:btih:9BAC902F0A504EE953C83CCC070CF9A04875C111&dn=Rumble%20Through%20the%20Dark%20%5B1080p%5D&tr=udp%3A//open.demonii.com%3A1337/announce&tr=udp%3A//tracker.openbittorrent.com%3A80&tr=udp%3A//tracker.coppersurfer.tk%3A6969&tr=udp%3A//glotorrents.pw%3A6969/announce&tr=udp%3A//tracker.opentrackr.org%3A1337/announce&tr=udp%3A//torrent.gresille.org%3A80/announce&tr=udp%3A//p4p.arenabg.com%3A1337&tr=udp%3A//tracker.leechers-paradise.org%3A6969,https://yts.gg/torrent/download/244B0555B3C5F9E671C6DBC28B05535393AA29AB,magnet:?xt=urn:btih:244B0555B3C5F9E671C6DBC28B05535393AA29AB&dn=Rumble%20Through%20the%20Dark%20%5B720p%5D&tr=udp%3A//open.demonii.com%3A1337/announce&tr=udp%3A//tracker.openbittorrent.com%3A80&tr=udp%3A//tracker.coppersurfer.tk%3A6969&tr=udp%3A//glotorrents.pw%3A6969/announce&tr=udp%3A//tracker.opentrackr.org%3A1337/announce&tr=udp%3A//torrent.gresille.org%3A80/announce&tr=udp%3A//p4p.arenabg.com%3A1337&tr=udp%3A//tracker.leechers-paradise.org%3A6969,https://www.google.com/search?q=Rumble+Through+the+Dark&stick=H4sIAAAAAAAAAONgVuLVT9c3NCy0KK8oMTfIBQDAq5r_EQAAAA,https://yts.gg/assets/images/movies/rumble_through_the_dark_2023/large-cover.jpg
Miranda's Victim,movie,2023,6.7,"Patricia ""Trish"" Weir is committed to putting her kidnapper and rapist Ernesto Miranda in prison, while her life is destroyed by the legal system.",https://yts.gg/torrent/download/D5805ECFB483E6A162D20435E27E9E2F44DA1DB3,magnet:?xt=urn:btih:D5805ECFB483E6A162D20435E27E9E2F44DA1DB3&dn=Miranda%27s%20Victim%20%5B1080p%5D&tr=udp%3A//open.demonii.com%3A1337/announce&tr=udp%3A//tracker.openbittorrent.com%3A80&tr=udp%3A//tracker.coppersurfer.tk%3A6969&tr=udp%3A//glotorrents.pw%3A6969/announce&tr=udp%3A//tracker.opentrackr.org%3A1337/announce&tr=udp%3A//torrent.gresille.org%3A80/announce&tr=udp%3A//p4p.arenabg.com%3A1337&tr=udp%3A//tracker.leechers-paradise.org%3A6969,https://yts.gg/torrent/download/EC0873DC90751AEC53A69215B2520E6C602E848A,magnet:?xt=urn:btih:EC0873DC90751AEC53A69215B2520E6C602E848A&dn=Miranda%27s%20Victim%20%5B720p%5D&tr=udp%3A//open.demonii.com%3A1337/announce&tr=udp%3A//tracker.openbittorrent.com%3A80&tr=udp%3A//tracker.coppersurfer.tk%3A6969&tr=udp%3A//glotorrents.pw%3A6969/announce&tr=udp%3A//tracker.opentrackr.org%3A1337/announce&tr=udp%3A//torrent.gresille.org%3A80/announce&tr=udp%3A//p4p.arenabg.com%3A1337&tr=udp%3A//tracker.leechers-paradise.org%3A6969,https://www.google.com/search?q=Miranda%27s+Victim&stick=H4sIAAAAAAAAAONgVuLVT9c3NCwxKKqoNCtJAwATmzckEQAAAA,https://yts.gg/assets/images/movies/mirandas_victim_2023/large-cover.jpg
The Homesman,movie,2014,6.6,"Three women who have been driven mad by pioneer life are to be transported across the country by covered wagon by the pious, independent-minded Mary Bee Cuddy, who in turn employs low-life drifter George Briggs to assist her.",https://yts.gg/torrent/download/4F715C3EF347F7906A390A73CF5AB136404127BC,magnet:?xt=urn:btih:4F715C3EF347F7906A390A73CF5AB136404127BC&dn=The%20Homesman%20%5B1080p%5D&tr=udp%3A//open.demonii.com%3A1337/announce&tr=udp%3A//tracker.openbittorrent.com%3A80&tr=udp%3A//tracker.coppersurfer.tk%3A6969&tr=udp%3A//glotorrents.pw%3A6969/announce&tr=udp%3A//tracker.opentrackr.org%3A1337/announce&tr=udp%3A//torrent.gresille.org%3A80/announce&tr=udp%3A//p4p.arenabg.com%3A1337&tr=udp%3A//tracker.leechers-paradise.org%3A6969,https://yts.gg/torrent/download/A5383C7474C418BD7357B141B604AD063BA7F52F,magnet:?xt=urn:btih:A5383C7474C418BD7357B141B604AD063BA7F52F&dn=The%20Homesman%20%5B720p%5D&tr=udp%3A//open.demonii.com%3A1337/announce&tr=udp%3A//tracker.openbittorrent.com%3A80&tr=udp%3A//tracker.coppersurfer.tk%3A6969&tr=udp%3A//glotorrents.pw%3A6969/announce&tr=udp%3A//tracker.opentrackr.org%3A1337/announce&tr=udp%3A//torrent.gresille.org%3A80/announce&tr=udp%3A//p4p.arenabg.com%3A1337&tr=udp%3A//tracker.leechers-paradise.org%3A6969,https://www.google.com/search?q=The+Homesman&stick=H4sIAAAAAAAAAONgVuLSz9U3KMmJLysqAAAfSa2QDgAAAA,https://yts.gg/assets/images/movies/The_Homesman_2014/large-cover.jpg
An Officer and a Spy,,,,"An Officer and a Spy may refer to:An Officer and a Spy (novel), a 2013 historical novel by Robert Harris An Officer and a Spy (film), a 2019 historical drama film based on the novel",,,,,https://www.google.com/search?q=An+Officer+and+a+Spy&stick=H4sIAAAAAAAAAONgVuLVT9c3NEwvNjWNNynIAgCwydn6EQAAAA,
The Fugitive,movie,1947,6.3,Anti-Catholic and anti-cleric policies in the Mexican state of Tabasco lead the revolutionary government to persecute the state's last remaining priest.,https://yts.gg/torrent/download/7A553180591E57CA9F5C4F00ABB74E566D61E495,magnet:?xt=urn:btih:7A553180591E57CA9F5C4F00ABB74E566D61E495&dn=The%20Fugitive%20%5B720p%5D&tr=udp%3A//open.demonii.com%3A1337/announce&tr=udp%3A//tracker.openbittorrent.com%3A80&tr=udp%3A//tracker.coppersurfer.tk%3A6969&tr=udp%3A//glotorrents.pw%3A6969/announce&tr=udp%3A//tracker.opentrackr.org%3A1337/announce&tr=udp%3A//torrent.gresille.org%3A80/announce&tr=udp%3A//p4p.arenabg.com%3A1337&tr=udp%3A//tracker.leechers-paradise.org%3A6969,https://yts.gg/torrent/download/7A553180591E57CA9F5C4F00ABB74E566D61E495,magnet:?xt=urn:btih:7A553180591E57CA9F5C4F00ABB74E566D61E495&dn=The%20Fugitive%20%5B720p%5D&tr=udp%3A//open.demonii.com%3A1337/announce&tr=udp%3A//tracker.openbittorrent.com%3A80&tr=udp%3A//tracker.coppersurfer.tk%3A6969&tr=udp%3A//glotorrents.pw%3A6969/announce&tr=udp%3A//tracker.opentrackr.org%3A1337/announce&tr=udp%3A//torrent.gresille.org%3A80/announce&tr=udp%3A//p4p.arenabg.com%3A1337&tr=udp%3A//tracker.leechers-paradise.org%3A6969,https://www.google.com/search?q=The+Fugitive&stick=H4sIAAAAAAAAAONgVuLUz9U3MK3Kq6gAANd3F70NAAAA,https://yts.gg/assets/images/movies/the_fugitive_1947/large-cover.jpg
The Rock,movie,1998,6.6,"Two school kids, who are best friends, are drinking on the side of a river. One friend bets the other that he can't swim across the river and ""Reach The Rock"". The friend takes the bet and drowns halfway towards the rock. The entire town blames the kid for his friends death, he runs away, never to be seen again. He eventually comes back to his home town of Shermerville and goes crazy, and starts to trash the town (for example, breaking store-front windows, stealing a police car). He also meets up with his old high school girlfriend.",https://yts.gg/torrent/download/25AEFB27E1D00A03476EA7F60608FF02BCF73A1F,magnet:?xt=urn:btih:25AEFB27E1D00A03476EA7F60608FF02BCF73A1F&dn=Reach%20the%20Rock%20%5B720p%5D&tr=udp%3A//open.demonii.com%3A1337/announce&tr=udp%3A//tracker.openbittorrent.com%3A80&tr=udp%3A//tracker.coppersurfer.tk%3A6969&tr=udp%3A//glotorrents.pw%3A6969/announce&tr=udp%3A//tracker.opentrackr.org%3A1337/announce&tr=udp%3A//torrent.gresille.org%3A80/announce&tr=udp%3A//p4p.arenabg.com%3A1337&tr=udp%3A//tracker.leechers-paradise.org%3A6969,https://yts.gg/torrent/download/25AEFB27E1D00A03476EA7F60608FF02BCF73A1F,magnet:?xt=urn:btih:25AEFB27E1D00A03476EA7F60608FF02BCF73A1F&dn=Reach%20the%20Rock%20%5B720p%5D&tr=udp%3A//open.demonii.com%3A1337/announce&tr=udp%3A//tracker.openbittorrent.com%3A80&tr=udp%3A//tracker.coppersurfer.tk%3A6969&tr=udp%3A//glotorrents.pw%3A6969/announce&tr=udp%3A//tracker.opentrackr.org%3A1337/announce&tr=udp%3A//torrent.gresille.org%3A80/announce&tr=udp%3A//p4p.arenabg.com%3A1337&tr=udp%3A//tracker.leechers-paradise.org%3A6969,https://www.google.com/search?q=The+Rock&stick=H4sIAAAAAAAAAONgVuLQz9U3ME-qMAMA7kxUhwwAAAA,https://yts.gg/assets/images/movies/reach_the_rock_1998/large-cover.jpg
Night of the Hunted,movie,2023,5.3,A woman stops at a remote gas station in the middle of the night and becomes the target of a sociopathic sniper with a secret vendetta.,https://yts.gg/torrent/download/84E90D1ACC737620744570E310A9C782C89DE240,magnet:?xt=urn:btih:84E90D1ACC737620744570E310A9C782C89DE240&dn=Night%20of%20the%20Hunted%20%5B1080p%5D&tr=udp%3A//open.demonii.com%3A1337/announce&tr=udp%3A//tracker.openbittorrent.com%3A80&tr=udp%3A//tracker.coppersurfer.tk%3A6969&tr=udp%3A//glotorrents.pw%3A6969/announce&tr=udp%3A//tracker.opentrackr.org%3A1337/announce&tr=udp%3A//torrent.gresille.org%3A80/announce&tr=udp%3A//p4p.arenabg.com%3A1337&tr=udp%3A//tracker.leechers-paradise.org%3A6969,https://yts.gg/torrent/download/9A451E478C1F0BDEE811F00877243731FC6CE6D2,magnet:?xt=urn:btih:9A451E478C1F0BDEE811F00877243731FC6CE6D2&dn=Night%20of%20the%20Hunted%20%5B720p%5D&tr=udp%3A//open.demonii.com%3A1337/announce&tr=udp%3A//tracker.openbittorrent.com%3A80&tr=udp%3A//tracker.coppersurfer.tk%3A6969&tr=udp%3A//glotorrents.pw%3A6969/announce&tr=udp%3A//tracker.opentrackr.org%3A1337/announce&tr=udp%3A//torrent.gresille.org%3A80/announce&tr=udp%3A//p4p.arenabg.com%3A1337&tr=udp%3A//tracker.leechers-paradise.org%3A6969,https://www.google.com/search?q=Night+of+the+Hunted&stick=H4sIAAAAAAAAAONgVuLVT9c3NMwuSI5PMzHJAQB72p5lEQAAAA,https://yts.gg/assets/images/movies/night_of_the_hunted_2023/large-cover.jpg
A Bittersweet Life,,,,,,,,,https://www.google.com/search?q=A+Bittersweet+Life&stick=H4sIAAAAAAAAAONgVuLUz9U3ME8yyykCAIQarv4NAAAA,
Jailbreak Pact,,,,"Jailbreak Pact is a 2020 Chilean action thriller film directed by David Albala who co-wrote the script along with Cecilia Ruz, Loreto Caro-Valdés and Susana Quiroz-Saavedra. It stars Benjamín Vicuña, Roberto Farías, Francisca Gavilán, Amparo Noguera, Víctor Montero, Diego Ruiz, Catalina Martín and Eusebio Arenas. It is inspired by the prison escape that occurred on 30 January 1990, known as Operation Success in the Public Jail of Santiago.",,,,,https://www.google.com/search?q=Jailbreak+Pact&stick=H4sIAAAAAAAAAONgVuLVT9c3NMwyz7IsNjAvAQDThmpBEQAAAA,
Sweet November,movie,2001,6.7,"A workaholic executive, and an unconventional woman agree to a personal relationship for a short period. In this short period she changes his life.",https://yts.gg/torrent/download/ED84774747CDA2DB2BD84F703BC4548AA384DECC,magnet:?xt=urn:btih:ED84774747CDA2DB2BD84F703BC4548AA384DECC&dn=Sweet%20November%20%5B1080p%5D&tr=udp%3A//open.demonii.com%3A1337/announce&tr=udp%3A//tracker.openbittorrent.com%3A80&tr=udp%3A//tracker.coppersurfer.tk%3A6969&tr=udp%3A//glotorrents.pw%3A6969/announce&tr=udp%3A//tracker.opentrackr.org%3A1337/announce&tr=udp%3A//torrent.gresille.org%3A80/announce&tr=udp%3A//p4p.arenabg.com%3A1337&tr=udp%3A//tracker.leechers-paradise.org%3A6969,https://yts.gg/torrent/download/C1C763AA8F3FC42AB6EEAC6648D8B0D19A2A3274,magnet:?xt=urn:btih:C1C763AA8F3FC42AB6EEAC6648D8B0D19A2A3274&dn=Sweet%20November%20%5B720p%5D&tr=udp%3A//open.demonii.com%3A1337/announce&tr=udp%3A//tracker.openbittorrent.com%3A80&tr=udp%3A//tracker.coppersurfer.tk%3A6969&tr=udp%3A//glotorrents.pw%3A6969/announce&tr=udp%3A//tracker.opentrackr.org%3A1337/announce&tr=udp%3A//torrent.gresille.org%3A80/announce&tr=udp%3A//p4p.arenabg.com%3A1337&tr=udp%3A//tracker.leechers-paradise.org%3A6969,https://www.google.com/search?q=Sweet+November&stick=H4sIAAAAAAAAAONgVuLUz9U3MM7NNTYEAPI8UuENAAAA,https://yts.gg/assets/images/movies/sweet_november_2001/large-cover.jpg
The Chronicles of Evil,,,,"The Chronicles of Evil is a 2015 South Korean thriller film written and directed by Beak Woon-hak, starring Son Hyun-joo, Ma Dong-seok, Choi Daniel and Park Seo-joon. The film was remade in Turkish as Kin starring Yılmaz Erdoğan.",,,,,https://www.google.com/search?q=The+Chronicles+of+Evil&stick=H4sIAAAAAAAAAONgVuLVT9c3NEwyK0pPiTeIBwAy6-YxEQAAAA,
Target,movie,2023,6.5,"A Playful Sex Comedy About a Couple Looking to Spice Up Their Sex Life. Written and Directed by Thomas G. Waites From Movie Classics Including ""The Thing.""",https://yts.gg/torrent/download/A694013EC40C1E8A95EE8F847DDB879930B1DE8B,magnet:?xt=urn:btih:A694013EC40C1E8A95EE8F847DDB879930B1DE8B&dn=Target%20%5B1080p%5D&tr=udp%3A//open.demonii.com%3A1337/announce&tr=udp%3A//tracker.openbittorrent.com%3A80&tr=udp%3A//tracker.coppersurfer.tk%3A6969&tr=udp%3A//glotorrents.pw%3A6969/announce&tr=udp%3A//tracker.opentrackr.org%3A1337/announce&tr=udp%3A//torrent.gresille.org%3A80/announce&tr=udp%3A//p4p.arenabg.com%3A1337&tr=udp%3A//tracker.leechers-paradise.org%3A6969,https://yts.gg/torrent/download/518F288610F50CC0C8BAA284C17F81D3808F22DB,magnet:?xt=urn:btih:518F288610F50CC0C8BAA284C17F81D3808F22DB&dn=Target%20%5B720p%5D&tr=udp%3A//open.demonii.com%3A1337/announce&tr=udp%3A//tracker.openbittorrent.com%3A80&tr=udp%3A//tracker.coppersurfer.tk%3A6969&tr=udp%3A//glotorrents.pw%3A6969/announce&tr=udp%3A//tracker.opentrackr.org%3A1337/announce&tr=udp%3A//torrent.gresille.org%3A80/announce&tr=udp%3A//p4p.arenabg.com%3A1337&tr=udp%3A//tracker.leechers-paradise.org%3A6969,https://www.google.com/search?q=Target&stick=H4sIAAAAAAAAAONgVuLVT9c3NMwuSI7Pyyg0AADfg18qEQAAAA,https://yts.gg/assets/images/movies/target_2_2023/large-cover.jpg
Gen V,,,,"Gen V is an American satirical superhero television series, developed by Craig Rosenberg, Evan Goldberg and Eric Kripke, serving as a spin-off of The Boys by Kripke and loosely based on The Boys comic book story arc We Gotta Go Now by Garth Ennis, Darick Robertson, and John Higgins. The third television series in The Boys franchise, its first season is set after the third season of The Boys, while its second season is set after the fourth season of The Boys.",,,,,https://www.google.com/search?q=Gen+V&stick=H4sIAAAAAAAAAONgVuLVT9c3NCwxNC9JKylKAwCYXxs1EQAAAA,
Te3n,movie,2016,7.2,"A grandfather, a priest and a police officer investigate the case of a kidnapped child.",https://yts.gg/torrent/download/39CF70CE59BF69DBB0FF2E43D4368A312E17C2DE,magnet:?xt=urn:btih:39CF70CE59BF69DBB0FF2E43D4368A312E17C2DE&dn=Te3n%20%5B1080p%5D&tr=udp%3A//open.demonii.com%3A1337/announce&tr=udp%3A//tracker.openbittorrent.com%3A80&tr=udp%3A//tracker.coppersurfer.tk%3A6969&tr=udp%3A//glotorrents.pw%3A6969/announce&tr=udp%3A//tracker.opentrackr.org%3A1337/announce&tr=udp%3A//torrent.gresille.org%3A80/announce&tr=udp%3A//p4p.arenabg.com%3A1337&tr=udp%3A//tracker.leechers-paradise.org%3A6969,https://yts.gg/torrent/download/4B6667A23F93C436DD4562F7AC46C2BD26608211,magnet:?xt=urn:btih:4B6667A23F93C436DD4562F7AC46C2BD26608211&dn=Te3n%20%5B720p%5D&tr=udp%3A//open.demonii.com%3A1337/announce&tr=udp%3A//tracker.openbittorrent.com%3A80&tr=udp%3A//tracker.coppersurfer.tk%3A6969&tr=udp%3A//glotorrents.pw%3A6969/announce&tr=udp%3A//tracker.opentrackr.org%3A1337/announce&tr=udp%3A//torrent.gresille.org%3A80/announce&tr=udp%3A//p4p.arenabg.com%3A1337&tr=udp%3A//tracker.leechers-paradise.org%3A6969,https://www.google.com/search?q=Te3n&stick=H4sIAAAAAAAAAONgVuLVT9c3NEyqMMouTrYoBwBbU6nyEQAAAA,https://yts.gg/assets/images/movies/three_2016/large-cover.jpg
The Mule,movie,2012,4.2,An American female reporter searches for her missing brother against the backdrop of violence and human smuggling across the US/Mexican border.,https://yts.gg/torrent/download/D037CC515E1F742E6D147FCEB2380F5503503FF7,magnet:?xt=urn:btih:D037CC515E1F742E6D147FCEB2380F5503503FF7&dn=The%20Mule%20%5B720p%5D&tr=udp%3A//open.demonii.com%3A1337/announce&tr=udp%3A//tracker.openbittorrent.com%3A80&tr=udp%3A//tracker.coppersurfer.tk%3A6969&tr=udp%3A//glotorrents.pw%3A6969/announce&tr=udp%3A//tracker.opentrackr.org%3A1337/announce&tr=udp%3A//torrent.gresille.org%3A80/announce&tr=udp%3A//p4p.arenabg.com%3A1337&tr=udp%3A//tracker.leechers-paradise.org%3A6969,https://yts.gg/torrent/download/D037CC515E1F742E6D147FCEB2380F5503503FF7,magnet:?xt=urn:btih:D037CC515E1F742E6D147FCEB2380F5503503FF7&dn=The%20Mule%20%5B720p%5D&tr=udp%3A//open.demonii.com%3A1337/announce&tr=udp%3A//tracker.openbittorrent.com%3A80&tr=udp%3A//tracker.coppersurfer.tk%3A6969&tr=udp%3A//glotorrents.pw%3A6969/announce&tr=udp%3A//tracker.opentrackr.org%3A1337/announce&tr=udp%3A//torrent.gresille.org%3A80/announce&tr=udp%3A//p4p.arenabg.com%3A1337&tr=udp%3A//tracker.leechers-paradise.org%3A6969,https://www.google.com/search?q=The+Mule&stick=H4sIAAAAAAAAAONgVuLVT9c3NEwzM7U0T67IBQCDhmwkEQAAAA,https://yts.gg/assets/images/movies/border_run_2012/large-cover.jpg
The Sum of All Fears,movie,2002,6.5,"CIA analyst Jack Ryan must stop the plans of a Neo-Nazi faction that threatens to incite a catastrophic conflict between the United States and Russia by detonating a nuclear weapon at a football game in Baltimore, Maryland.",https://yts.gg/torrent/download/654A06F1FA04321B3B63D28A6C2ADF9FFA6DFD0F,magnet:?xt=urn:btih:654A06F1FA04321B3B63D28A6C2ADF9FFA6DFD0F&dn=The%20Sum%20of%20All%20Fears%20%5B1080p%5D&tr=udp%3A//open.demonii.com%3A1337/announce&tr=udp%3A//tracker.openbittorrent.com%3A80&tr=udp%3A//tracker.coppersurfer.tk%3A6969&tr=udp%3A//glotorrents.pw%3A6969/announce&tr=udp%3A//tracker.opentrackr.org%3A1337/announce&tr=udp%3A//torrent.gresille.org%3A80/announce&tr=udp%3A//p4p.arenabg.com%3A1337&tr=udp%3A//tracker.leechers-paradise.org%3A6969,https://yts.gg/torrent/download/A3ED812A31153AA281C7B5F4EF2F44A35604658F,magnet:?xt=urn:btih:A3ED812A31153AA281C7B5F4EF2F44A35604658F&dn=The%20Sum%20of%20All%20Fears%20%5B720p%5D&tr=udp%3A//open.demonii.com%3A1337/announce&tr=udp%3A//tracker.openbittorrent.com%3A80&tr=udp%3A//tracker.coppersurfer.tk%3A6969&tr=udp%3A//glotorrents.pw%3A6969/announce&tr=udp%3A//tracker.opentrackr.org%3A1337/announce&tr=udp%3A//torrent.gresille.org%3A80/announce&tr=udp%3A//p4p.arenabg.com%3A1337&tr=udp%3A//tracker.leechers-paradise.org%3A6969,https://www.google.com/search?q=The+Sum+of+All+Fears&stick=H4sIAAAAAAAAAONgVuLUz9U3SE6zKEwCAKq1GlQNAAAA,https://yts.gg/assets/images/movies/The_Sum_of_All_Fears_2002/large-cover.jpg
The Boogeyman,movie,2023,5.9,"Two sisters grieving the recent death of their mother without receiving much support from their father, a therapist who is dealing with his own grief, must face a supernatural entity that feeds on the suffering of its victims.",https://yts.gg/torrent/download/8D82D77D729570A00754217685C852200A9FEFAC,magnet:?xt=urn:btih:8D82D77D729570A00754217685C852200A9FEFAC&dn=The%20Boogeyman%20%5B1080p%5D&tr=udp%3A//open.demonii.com%3A1337/announce&tr=udp%3A//tracker.openbittorrent.com%3A80&tr=udp%3A//tracker.coppersurfer.tk%3A6969&tr=udp%3A//glotorrents.pw%3A6969/announce&tr=udp%3A//tracker.opentrackr.org%3A1337/announce&tr=udp%3A//torrent.gresille.org%3A80/announce&tr=udp%3A//p4p.arenabg.com%3A1337&tr=udp%3A//tracker.leechers-paradise.org%3A6969,https://yts.gg/torrent/download/BB372A48250B5DE93B1A6CD6AF74F43B12BAF09C,magnet:?xt=urn:btih:BB372A48250B5DE93B1A6CD6AF74F43B12BAF09C&dn=The%20Boogeyman%20%5B720p%5D&tr=udp%3A//open.demonii.com%3A1337/announce&tr=udp%3A//tracker.openbittorrent.com%3A80&tr=udp%3A//tracker.coppersurfer.tk%3A6969&tr=udp%3A//glotorrents.pw%3A6969/announce&tr=udp%3A//tracker.opentrackr.org%3A1337/announce&tr=udp%3A//torrent.gresille.org%3A80/announce&tr=udp%3A//p4p.arenabg.com%3A1337&tr=udp%3A//tracker.leechers-paradise.org%3A6969,https://www.google.com/search?q=The+Boogeyman&stick=H4sIAAAAAAAAAONgVuLVT9c3NCyoyo0vsMiqBAAurLjvEQAAAA,https://yts.gg/assets/images/movies/the_boogeyman_2023/large-cover.jpg
Deja Vu,movie,2022,6.6,A state DGP's daughter goes missing as predicted by a crime novelist in his story. An undercover cop comes in to unravel the mystery.,https://yts.gg/torrent/download/AC99B55D96276A6EC3B1F84A01E854EC4FDE020E,magnet:?xt=urn:btih:AC99B55D96276A6EC3B1F84A01E854EC4FDE020E&dn=Deja%20Vu%20%5B1080p%5D&tr=udp%3A//open.demonii.com%3A1337/announce&tr=udp%3A//tracker.openbittorrent.com%3A80&tr=udp%3A//tracker.coppersurfer.tk%3A6969&tr=udp%3A//glotorrents.pw%3A6969/announce&tr=udp%3A//tracker.opentrackr.org%3A1337/announce&tr=udp%3A//torrent.gresille.org%3A80/announce&tr=udp%3A//p4p.arenabg.com%3A1337&tr=udp%3A//tracker.leechers-paradise.org%3A6969,https://yts.gg/torrent/download/674A8F453C152EBB1C8A95CC86F03D4BF888FAE9,magnet:?xt=urn:btih:674A8F453C152EBB1C8A95CC86F03D4BF888FAE9&dn=Deja%20Vu%20%5B720p%5D&tr=udp%3A//open.demonii.com%3A1337/announce&tr=udp%3A//tracker.openbittorrent.com%3A80&tr=udp%3A//tracker.coppersurfer.tk%3A6969&tr=udp%3A//glotorrents.pw%3A6969/announce&tr=udp%3A//tracker.opentrackr.org%3A1337/announce&tr=udp%3A//torrent.gresille.org%3A80/announce&tr=udp%3A//p4p.arenabg.com%3A1337&tr=udp%3A//tracker.leechers-paradise.org%3A6969,https://www.google.com/search?q=Deja+Vu&stick=H4sIAAAAAAAAAONgVuLUz9U3sDQoN84FAFXI6eENAAAA,https://yts.gg/assets/images/movies/deja_vu_2022/large-cover.jpg
One Day,movie,1922,6.6,"Mrs. Pennington Van Renssalaer, a publicity-minded society matron, sponsors a children's outing, much to her and her chauffeur's eventual regret.",https://yts.gg/torrent/download/3035D9F9C5FADF49A1C9D0459A9CD37A26386132,magnet:?xt=urn:btih:3035D9F9C5FADF49A1C9D0459A9CD37A26386132&dn=One%20Terrible%20Day%20%5B1080p%5D&tr=udp%3A//open.demonii.com%3A1337/announce&tr=udp%3A//tracker.openbittorrent.com%3A80&tr=udp%3A//tracker.coppersurfer.tk%3A6969&tr=udp%3A//glotorrents.pw%3A6969/announce&tr=udp%3A//tracker.opentrackr.org%3A1337/announce&tr=udp%3A//torrent.gresille.org%3A80/announce&tr=udp%3A//p4p.arenabg.com%3A1337&tr=udp%3A//tracker.leechers-paradise.org%3A6969,https://yts.gg/torrent/download/2F53D7D8B475680B40C1CB09A0B205E46A08491C,magnet:?xt=urn:btih:2F53D7D8B475680B40C1CB09A0B205E46A08491C&dn=One%20Terrible%20Day%20%5B720p%5D&tr=udp%3A//open.demonii.com%3A1337/announce&tr=udp%3A//tracker.openbittorrent.com%3A80&tr=udp%3A//tracker.coppersurfer.tk%3A6969&tr=udp%3A//glotorrents.pw%3A6969/announce&tr=udp%3A//tracker.opentrackr.org%3A1337/announce&tr=udp%3A//torrent.gresille.org%3A80/announce&tr=udp%3A//p4p.arenabg.com%3A1337&tr=udp%3A//tracker.leechers-paradise.org%3A6969,https://www.google.com/search?q=One+Day&stick=H4sIAAAAAAAAAONgVuLSz9U3SDcpyK2KBwCI-aaWDgAAAA,https://yts.gg/assets/images/movies/one_terrible_day_1922/large-cover.jpg
The Boy,movie,2001,6.7,A Cherokee boy is a haemophiliac in a culture obsessed with blood identity.,https://yts.gg/torrent/download/7E5A17BC09AA4255542E8865764B64D0573B3FE5,magnet:?xt=urn:btih:7E5A17BC09AA4255542E8865764B64D0573B3FE5&dn=The%20Doe%20Boy%20%5B480p%5D&tr=udp%3A//open.demonii.com%3A1337/announce&tr=udp%3A//tracker.openbittorrent.com%3A80&tr=udp%3A//tracker.coppersurfer.tk%3A6969&tr=udp%3A//glotorrents.pw%3A6969/announce&tr=udp%3A//tracker.opentrackr.org%3A1337/announce&tr=udp%3A//torrent.gresille.org%3A80/announce&tr=udp%3A//p4p.arenabg.com%3A1337&tr=udp%3A//tracker.leechers-paradise.org%3A6969,,,https://www.google.com/search?q=The+Boy&stick=H4sIAAAAAAAAAONgVuLWz9U3MDSqqrI0MwQAU6VNLA8AAAA,https://yts.gg/assets/images/movies/the_doe_boy_2001/large-cover.jpg
Julia's Eyes,,,,,,,,,https://www.google.com/search?q=Julia%27s+Eyes&stick=H4sIAAAAAAAAAONgVuLSz9U3SKo0SE82AwDMWeVfDgAAAA,
Eight Below,movie,2006,7.3,Brutal cold forces two Antarctic explorers to leave their team of sled dogs behind as they fend for their survival.,https://yts.gg/torrent/download/5C476FDAD993F665B485684602E39C23CAC01C62,magnet:?xt=urn:btih:5C476FDAD993F665B485684602E39C23CAC01C62&dn=Eight%20Below%20%5B1080p%5D&tr=udp%3A//open.demonii.com%3A1337/announce&tr=udp%3A//tracker.openbittorrent.com%3A80&tr=udp%3A//tracker.coppersurfer.tk%3A6969&tr=udp%3A//glotorrents.pw%3A6969/announce&tr=udp%3A//tracker.opentrackr.org%3A1337/announce&tr=udp%3A//torrent.gresille.org%3A80/announce&tr=udp%3A//p4p.arenabg.com%3A1337&tr=udp%3A//tracker.leechers-paradise.org%3A6969,https://yts.gg/torrent/download/A0420933C5A949673A014D29189D483732705C6D,magnet:?xt=urn:btih:A0420933C5A949673A014D29189D483732705C6D&dn=Eight%20Below%20%5B720p%5D&tr=udp%3A//open.demonii.com%3A1337/announce&tr=udp%3A//tracker.openbittorrent.com%3A80&tr=udp%3A//tracker.coppersurfer.tk%3A6969&tr=udp%3A//glotorrents.pw%3A6969/announce&tr=udp%3A//tracker.opentrackr.org%3A1337/announce&tr=udp%3A//torrent.gresille.org%3A80/announce&tr=udp%3A//p4p.arenabg.com%3A1337&tr=udp%3A//tracker.leechers-paradise.org%3A6969,https://www.google.com/search?q=Eight+Below&stick=H4sIAAAAAAAAAONgVuLUz9U3MK8sMDAEABo5evQNAAAA,https://yts.gg/assets/images/movies/Eight_Below_2006/large-cover.jpg
Riot Police,,,,"Riot police are police who are organized, deployed, trained or equipped to confront crowds, protests or riots.",,,,,https://www.google.com/search?q=Riot+Police&stick=H4sIAAAAAAAAAONgVuLVT9c3NMzITilPMTUqBgAeSeUSEQAAAA,
Bloody Daddy,movie,2023,6.5,"A messed up, tenacious man faces off against cops and crime lords to save the one relationship that matters to him.",https://yts.gg/torrent/download/F9CF44F37565F52B281B344B90EF8579E00AA4EF,magnet:?xt=urn:btih:F9CF44F37565F52B281B344B90EF8579E00AA4EF&dn=Bloody%20Daddy%20%5B1080p%5D&tr=udp%3A//open.demonii.com%3A1337/announce&tr=udp%3A//tracker.openbittorrent.com%3A80&tr=udp%3A//tracker.coppersurfer.tk%3A6969&tr=udp%3A//glotorrents.pw%3A6969/announce&tr=udp%3A//tracker.opentrackr.org%3A1337/announce&tr=udp%3A//torrent.gresille.org%3A80/announce&tr=udp%3A//p4p.arenabg.com%3A1337&tr=udp%3A//tracker.leechers-paradise.org%3A6969,https://yts.gg/torrent/download/522D4597FF4A819F4C9FDBE7749578A232327EC2,magnet:?xt=urn:btih:522D4597FF4A819F4C9FDBE7749578A232327EC2&dn=Bloody%20Daddy%20%5B720p%5D&tr=udp%3A//open.demonii.com%3A1337/announce&tr=udp%3A//tracker.openbittorrent.com%3A80&tr=udp%3A//tracker.coppersurfer.tk%3A6969&tr=udp%3A//glotorrents.pw%3A6969/announce&tr=udp%3A//tracker.opentrackr.org%3A1337/announce&tr=udp%3A//torrent.gresille.org%3A80/announce&tr=udp%3A//p4p.arenabg.com%3A1337&tr=udp%3A//tracker.leechers-paradise.org%3A6969,https://www.google.com/search?q=Bloody+Daddy&stick=H4sIAAAAAAAAAONgVuLVT9c3NCwxTCowKrcsBwCM8MyjEQAAAA,https://yts.gg/assets/images/movies/bloody_daddy_2023/large-cover.jpg
Hidden,movie,2024,6.2,"Seong-jin, a conductor, and Su-yeon, a cellist, are engaged. Su-yeon disappears, leaving a video. Mi-joo replaces Su-yeon and develops a secret relationship with Seong-jin. They feel watched as their bond deepens.",https://yts.gg/torrent/download/7921467A4F4AAF91BB599E002EB7EBF8FE8C6986,magnet:?xt=urn:btih:7921467A4F4AAF91BB599E002EB7EBF8FE8C6986&dn=Hidden%20Face%20%5B1080p%5D&tr=udp%3A//open.demonii.com%3A1337/announce&tr=udp%3A//tracker.openbittorrent.com%3A80&tr=udp%3A//tracker.coppersurfer.tk%3A6969&tr=udp%3A//glotorrents.pw%3A6969/announce&tr=udp%3A//tracker.opentrackr.org%3A1337/announce&tr=udp%3A//torrent.gresille.org%3A80/announce&tr=udp%3A//p4p.arenabg.com%3A1337&tr=udp%3A//tracker.leechers-paradise.org%3A6969,https://yts.gg/torrent/download/5AB12DB1BFD67F04673DC79256D751390CA86D52,magnet:?xt=urn:btih:5AB12DB1BFD67F04673DC79256D751390CA86D52&dn=Hidden%20Face%20%5B720p%5D&tr=udp%3A//open.demonii.com%3A1337/announce&tr=udp%3A//tracker.openbittorrent.com%3A80&tr=udp%3A//tracker.coppersurfer.tk%3A6969&tr=udp%3A//glotorrents.pw%3A6969/announce&tr=udp%3A//tracker.opentrackr.org%3A1337/announce&tr=udp%3A//torrent.gresille.org%3A80/announce&tr=udp%3A//p4p.arenabg.com%3A1337&tr=udp%3A//tracker.leechers-paradise.org%3A6969,https://www.google.com/search?q=Hidden&stick=H4sIAAAAAAAAAONgVuLSz9U3KDc0z0gpAgCmtQbMDgAAAA,https://yts.gg/assets/images/movies/hidden_face_2024/large-cover.jpg
The Iceman,,,,,,,,,https://www.google.com/search?q=The+Iceman&stick=H4sIAAAAAAAAAONgVuLSz9U3SLeMNzPJBQALcKNQDgAAAA,
Prehistoric Planet,,,,,,,,,https://www.google.com/search?q=Prehistoric+Planet&stick=H4sIAAAAAAAAAONgVuLVT9c3NCyuMDIyLCwuAwCkjo49EQAAAA,
Silo,movie,2019,5.9,Disaster strikes when teenage Cody becomes the victim of a grain entrapment accident.,https://yts.gg/torrent/download/B5D55814A9844C2F14957E03C1C8ED801E3D01F5,magnet:?xt=urn:btih:B5D55814A9844C2F14957E03C1C8ED801E3D01F5&dn=Silo%20%5B1080p%5D&tr=udp%3A//open.demonii.com%3A1337/announce&tr=udp%3A//tracker.openbittorrent.com%3A80&tr=udp%3A//tracker.coppersurfer.tk%3A6969&tr=udp%3A//glotorrents.pw%3A6969/announce&tr=udp%3A//tracker.opentrackr.org%3A1337/announce&tr=udp%3A//torrent.gresille.org%3A80/announce&tr=udp%3A//p4p.arenabg.com%3A1337&tr=udp%3A//tracker.leechers-paradise.org%3A6969,https://yts.gg/torrent/download/BBDC1F1A22B66F3B91CDED36F1B982E0A86AD9A5,magnet:?xt=urn:btih:BBDC1F1A22B66F3B91CDED36F1B982E0A86AD9A5&dn=Silo%20%5B720p%5D&tr=udp%3A//open.demonii.com%3A1337/announce&tr=udp%3A//tracker.openbittorrent.com%3A80&tr=udp%3A//tracker.coppersurfer.tk%3A6969&tr=udp%3A//glotorrents.pw%3A6969/announce&tr=udp%3A//tracker.opentrackr.org%3A1337/announce&tr=udp%3A//torrent.gresille.org%3A80/announce&tr=udp%3A//p4p.arenabg.com%3A1337&tr=udp%3A//tracker.leechers-paradise.org%3A6969,https://www.google.com/search?q=Silo&stick=H4sIAAAAAAAAAONgVuLVT9c3NCyqKCiuMLUoAgDYNEhTEQAAAA,https://yts.gg/assets/images/movies/silo_2019/large-cover.jpg
Where Hope Grows,movie,2014,6.7,A baseball player whose professional career was cut short due to his personal problems is suddenly awakened and invigorated by a young-man with Down syndrome who works at the local grocery store.,https://yts.gg/torrent/download/1E585A1AAA5F4BDE045B780694CA1670A2B99AC9,magnet:?xt=urn:btih:1E585A1AAA5F4BDE045B780694CA1670A2B99AC9&dn=Where%20Hope%20Grows%20%5B1080p%5D&tr=udp%3A//open.demonii.com%3A1337/announce&tr=udp%3A//tracker.openbittorrent.com%3A80&tr=udp%3A//tracker.coppersurfer.tk%3A6969&tr=udp%3A//glotorrents.pw%3A6969/announce&tr=udp%3A//tracker.opentrackr.org%3A1337/announce&tr=udp%3A//torrent.gresille.org%3A80/announce&tr=udp%3A//p4p.arenabg.com%3A1337&tr=udp%3A//tracker.leechers-paradise.org%3A6969,https://yts.gg/torrent/download/1336D5F1CFF3EBDC5D5F1283C748EDD26E01CA5E,magnet:?xt=urn:btih:1336D5F1CFF3EBDC5D5F1283C748EDD26E01CA5E&dn=Where%20Hope%20Grows%20%5B720p%5D&tr=udp%3A//open.demonii.com%3A1337/announce&tr=udp%3A//tracker.openbittorrent.com%3A80&tr=udp%3A//tracker.coppersurfer.tk%3A6969&tr=udp%3A//glotorrents.pw%3A6969/announce&tr=udp%3A//tracker.opentrackr.org%3A1337/announce&tr=udp%3A//torrent.gresille.org%3A80/announce&tr=udp%3A//p4p.arenabg.com%3A1337&tr=udp%3A//tracker.leechers-paradise.org%3A6969,https://www.google.com/search?q=Where+Hope+Grows&stick=H4sIAAAAAAAAAONgVuLWz9U3MDQ2KckpyQUA7jvoKg8AAAA,https://yts.gg/assets/images/movies/where_hope_grows_2014/large-cover.jpg
The Tank,movie,2023,4.6,"After mysteriously inheriting an abandoned coastal property, Ben and his family accidentally unleash an ancient, long-dormant creature that terrorized the entire region-including his own ancestors-for generations.",https://yts.gg/torrent/download/180350EBF8848AF22C4F22E48F14D5ED37171CFA,magnet:?xt=urn:btih:180350EBF8848AF22C4F22E48F14D5ED37171CFA&dn=The%20Tank%20%5B1080p%5D&tr=udp%3A//open.demonii.com%3A1337/announce&tr=udp%3A//tracker.openbittorrent.com%3A80&tr=udp%3A//tracker.coppersurfer.tk%3A6969&tr=udp%3A//glotorrents.pw%3A6969/announce&tr=udp%3A//tracker.opentrackr.org%3A1337/announce&tr=udp%3A//torrent.gresille.org%3A80/announce&tr=udp%3A//p4p.arenabg.com%3A1337&tr=udp%3A//tracker.leechers-paradise.org%3A6969,https://yts.gg/torrent/download/7C5E28C2A6EBE555AA87511CD0B959079998F551,magnet:?xt=urn:btih:7C5E28C2A6EBE555AA87511CD0B959079998F551&dn=The%20Tank%20%5B720p%5D&tr=udp%3A//open.demonii.com%3A1337/announce&tr=udp%3A//tracker.openbittorrent.com%3A80&tr=udp%3A//tracker.coppersurfer.tk%3A6969&tr=udp%3A//glotorrents.pw%3A6969/announce&tr=udp%3A//tracker.opentrackr.org%3A1337/announce&tr=udp%3A//torrent.gresille.org%3A80/announce&tr=udp%3A//p4p.arenabg.com%3A1337&tr=udp%3A//tracker.leechers-paradise.org%3A6969,https://www.google.com/search?q=The+Tank&stick=H4sIAAAAAAAAAONgVuLVT9c3NCyuNMwxLsjNAQAN4qYYEQAAAA,https://yts.gg/assets/images/movies/the_tank_2023/large-cover.jpg
Poker Face,movie,2022,5.2,"A tech billionaire hosts a high-stakes poker game between friends, but the evening takes a turn when long-held secrets are revealed, an elaborate revenge plot unfolds and thieves break in.",https://yts.gg/torrent/download/8518EDF4314788BCF8F4D7F9849CF83439261DFF,magnet:?xt=urn:btih:8518EDF4314788BCF8F4D7F9849CF83439261DFF&dn=Poker%20Face%20%5B1080p%5D&tr=udp%3A//open.demonii.com%3A1337/announce&tr=udp%3A//tracker.openbittorrent.com%3A80&tr=udp%3A//tracker.coppersurfer.tk%3A6969&tr=udp%3A//glotorrents.pw%3A6969/announce&tr=udp%3A//tracker.opentrackr.org%3A1337/announce&tr=udp%3A//torrent.gresille.org%3A80/announce&tr=udp%3A//p4p.arenabg.com%3A1337&tr=udp%3A//tracker.leechers-paradise.org%3A6969,https://yts.gg/torrent/download/7A3050617E91981DC42B788A81F875F6841EBF23,magnet:?xt=urn:btih:7A3050617E91981DC42B788A81F875F6841EBF23&dn=Poker%20Face%20%5B720p%5D&tr=udp%3A//open.demonii.com%3A1337/announce&tr=udp%3A//tracker.openbittorrent.com%3A80&tr=udp%3A//tracker.coppersurfer.tk%3A6969&tr=udp%3A//glotorrents.pw%3A6969/announce&tr=udp%3A//tracker.opentrackr.org%3A1337/announce&tr=udp%3A//torrent.gresille.org%3A80/announce&tr=udp%3A//p4p.arenabg.com%3A1337&tr=udp%3A//tracker.leechers-paradise.org%3A6969,https://www.google.com/search?q=Poker+Face&stick=H4sIAAAAAAAAAONgVuLVT9c3NCwqN0_JTStLAgDccO0fEQAAAA,https://yts.gg/assets/images/movies/poker_face_2022/large-cover.jpg
SK1,,,,,,,,,https://www.google.com/search?q=SK1&stick=H4sIAAAAAAAAAONgVuLVT9c3NEwyyygvzjOyBAAjG8uNEQAAAA,
The Girl Who Escaped: The Kara Robinson Story,movie,2023,6.3,It follows Kara Robinson as she survives an abduction and ultimately brings down a serial killer.,https://yts.gg/torrent/download/55AC59B89997B80E8A4393AEDE0EA77925F840A0,magnet:?xt=urn:btih:55AC59B89997B80E8A4393AEDE0EA77925F840A0&dn=The%20Girl%20Who%20Escaped%3A%20The%20Kara%20Robinson%20Story%20%5B1080p%5D&tr=udp%3A//open.demonii.com%3A1337/announce&tr=udp%3A//tracker.openbittorrent.com%3A80&tr=udp%3A//tracker.coppersurfer.tk%3A6969&tr=udp%3A//glotorrents.pw%3A6969/announce&tr=udp%3A//tracker.opentrackr.org%3A1337/announce&tr=udp%3A//torrent.gresille.org%3A80/announce&tr=udp%3A//p4p.arenabg.com%3A1337&tr=udp%3A//tracker.leechers-paradise.org%3A6969,https://yts.gg/torrent/download/FF4B6601E8825A240B2E14D9256226F19CE5DFF3,magnet:?xt=urn:btih:FF4B6601E8825A240B2E14D9256226F19CE5DFF3&dn=The%20Girl%20Who%20Escaped%3A%20The%20Kara%20Robinson%20Story%20%5B720p%5D&tr=udp%3A//open.demonii.com%3A1337/announce&tr=udp%3A//tracker.openbittorrent.com%3A80&tr=udp%3A//tracker.coppersurfer.tk%3A6969&tr=udp%3A//glotorrents.pw%3A6969/announce&tr=udp%3A//tracker.opentrackr.org%3A1337/announce&tr=udp%3A//torrent.gresille.org%3A80/announce&tr=udp%3A//p4p.arenabg.com%3A1337&tr=udp%3A//tracker.leechers-paradise.org%3A6969,https://www.google.com/search?q=The+Girl+Who+Escaped:+The+Kara+Robinson+Story&stick=H4sIAAAAAAAAAONgVuLVT9c3NCwpMM0pKay0BABMlMQuEQAAAA,https://yts.gg/assets/images/movies/the_girl_who_escaped_the_kara_robinson_story_2023/large-cover.jpg
1923,,,,"1923 (MCMXXIII) was a common year starting on Monday of the Gregorian calendar, the 1923rd year of the Common Era (CE) and Anno Domini (AD) designations, the 923rd year of the 2nd millennium, the 23rd year of the 20th century, and the 4th year of the 1920s decade. As of the start of 1923, the Gregorian calendar was 13 days ahead of the Julian calendar, which was relegated that February to use only by churches after Greece adopted the Gregorian calendar.",,,,,https://www.google.com/search?q=1923&stick=H4sIAAAAAAAAAONgVuLVT9c3NCw2TyvMMipOBwCEeOEDEQAAAA,
Yellowstone,movie,1963,6.7,"Two bear cubs, Tuffy and Tubby, are separated from their mother and spend an entire summer romping through Yellowstone National Park. In the meantime, the mother bear follows their trail as she searches for them.",https://yts.gg/torrent/download/1293A50D1F4A534687E7D132D6AAC1FC42EDC8D1,magnet:?xt=urn:btih:1293A50D1F4A534687E7D132D6AAC1FC42EDC8D1&dn=Yellowstone%20Cubs%20%5B480p%5D&tr=udp%3A//open.demonii.com%3A1337/announce&tr=udp%3A//tracker.openbittorrent.com%3A80&tr=udp%3A//tracker.coppersurfer.tk%3A6969&tr=udp%3A//glotorrents.pw%3A6969/announce&tr=udp%3A//tracker.opentrackr.org%3A1337/announce&tr=udp%3A//torrent.gresille.org%3A80/announce&tr=udp%3A//p4p.arenabg.com%3A1337&tr=udp%3A//tracker.leechers-paradise.org%3A6969,,,https://www.google.com/search?q=Yellowstone&stick=H4sIAAAAAAAAAONgVuLVT9c3NEy3sEgzL6soBwBlLqtZEQAAAA,https://yts.gg/assets/images/movies/yellowstone_cubs_1963/large-cover.jpg
Steel Rain 2: Summit,,,,,,,,,https://www.google.com/search?q=Steel+Rain+2:+Summit&stick=H4sIAAAAAAAAAONgVuLVT9c3NMxKSstNzqooBgAj02FSEQAAAA,
Mayor of Kingstown,,,,,,,,,https://www.google.com/search?q=Mayor+of+Kingstown&stick=H4sIAAAAAAAAAONgVuLVT9c3NCyqMKqyNKsqBADyAGBmEQAAAA,
Five Days at Memorial,,,,,,,,,https://www.google.com/search?q=Five+Days+at+Memorial&stick=H4sIAAAAAAAAAONgVuLVT9c3NCxKT6oqMMopBACe7vUGEQAAAA,
The Forgiven,movie,2021,4.8,"Diverging from his faith to borrow money for his daughter's surgery, Tristian's lender orders him to rob a church to test his loyalty.",https://yts.gg/torrent/download/3BA185B693C328B326E2C7034703D075F502C4E6,magnet:?xt=urn:btih:3BA185B693C328B326E2C7034703D075F502C4E6&dn=The%20Forgiven%20%5B1080p%5D&tr=udp%3A//open.demonii.com%3A1337/announce&tr=udp%3A//tracker.openbittorrent.com%3A80&tr=udp%3A//tracker.coppersurfer.tk%3A6969&tr=udp%3A//glotorrents.pw%3A6969/announce&tr=udp%3A//tracker.opentrackr.org%3A1337/announce&tr=udp%3A//torrent.gresille.org%3A80/announce&tr=udp%3A//p4p.arenabg.com%3A1337&tr=udp%3A//tracker.leechers-paradise.org%3A6969,https://yts.gg/torrent/download/7D8FDDA1B8816D38E235617A560783D9E9E35C09,magnet:?xt=urn:btih:7D8FDDA1B8816D38E235617A560783D9E9E35C09&dn=The%20Forgiven%20%5B720p%5D&tr=udp%3A//open.demonii.com%3A1337/announce&tr=udp%3A//tracker.openbittorrent.com%3A80&tr=udp%3A//tracker.coppersurfer.tk%3A6969&tr=udp%3A//glotorrents.pw%3A6969/announce&tr=udp%3A//tracker.opentrackr.org%3A1337/announce&tr=udp%3A//torrent.gresille.org%3A80/announce&tr=udp%3A//p4p.arenabg.com%3A1337&tr=udp%3A//tracker.leechers-paradise.org%3A6969,https://www.google.com/search?q=The+Forgiven&stick=H4sIAAAAAAAAAONgVuLVT9c3NEwrzikxTTG0BAA1pkZbEQAAAA,https://yts.gg/assets/images/movies/broken_armor_2021/large-cover.jpg
Tokyo Vice,,,,"Tokyo Vice is an American crime drama television series created by J. T. Rogers and based on the 2009 memoir by Jake Adelstein. It stars Ansel Elgort, Ken Watanabe, Rachel Keller, Hideaki Itō, Show Kasamatsu, Ella Rumpf, Rinko Kikuchi, Tomohisa Yamashita, Miki Maya, and Yōsuke Kubozuka. The series centers on Adelstein (Elgort), an American journalist investigating the yakuza in Tokyo. The first season of Tokyo Vice premiered on April 7, 2022, on HBO Max, and the second season premiered on February 8, 2024, on Max. The series received generally positive reviews, with praise for its setting, aesthetic, and characters. In June 2024, the series was canceled after two seasons.",,,,,https://www.google.com/search?q=Tokyo+Vice&stick=H4sIAAAAAAAAAONgVuLVT9c3NEwrKrFIKjYoBAAy4hihEQAAAA,
The Offer,movie,2022,5.3,A family struggling with loss find themselves at the mercy of an ancient demon trying to destroy them from the inside.,https://yts.gg/torrent/download/EC1FC3D1D487F3EE1756B0144274AD2A3AFB9976,magnet:?xt=urn:btih:EC1FC3D1D487F3EE1756B0144274AD2A3AFB9976&dn=The%20Offering%20%5B1080p%5D&tr=udp%3A//open.demonii.com%3A1337/announce&tr=udp%3A//tracker.openbittorrent.com%3A80&tr=udp%3A//tracker.coppersurfer.tk%3A6969&tr=udp%3A//glotorrents.pw%3A6969/announce&tr=udp%3A//tracker.opentrackr.org%3A1337/announce&tr=udp%3A//torrent.gresille.org%3A80/announce&tr=udp%3A//p4p.arenabg.com%3A1337&tr=udp%3A//tracker.leechers-paradise.org%3A6969,https://yts.gg/torrent/download/77F225F91CAF474137BEBD6DC28C770EB9F3CF72,magnet:?xt=urn:btih:77F225F91CAF474137BEBD6DC28C770EB9F3CF72&dn=The%20Offering%20%5B720p%5D&tr=udp%3A//open.demonii.com%3A1337/announce&tr=udp%3A//tracker.openbittorrent.com%3A80&tr=udp%3A//tracker.coppersurfer.tk%3A6969&tr=udp%3A//glotorrents.pw%3A6969/announce&tr=udp%3A//tracker.opentrackr.org%3A1337/announce&tr=udp%3A//torrent.gresille.org%3A80/announce&tr=udp%3A//p4p.arenabg.com%3A1337&tr=udp%3A//tracker.leechers-paradise.org%3A6969,https://www.google.com/search?q=The+Offer&stick=H4sIAAAAAAAAAONgVuLVT9c3NCy0NCkqKMstAwBCWtvhEQAAAA,https://yts.gg/assets/images/movies/the_offering_2022/large-cover.jpg
Miss Fisher's Murder Mysteries,,,,,,,,,https://www.google.com/search?q=Miss+Fisher%27s+Murder+Mysteries&stick=H4sIAAAAAAAAAONgVuLSz9U3SCvMK7I0BwBZzGjyDgAAAA,
